k,label,origin,seed,corr,shrink,mean_abs_resid,max_abs_resid,rps_submission,rps_reproduction,rps_uniform
10,10th Submission,2022-11-11,0,0.82891048513465,0.2584005486254839,0.007959151984879079,0.12680231722149746,0.15832176254760003,0.1559083633992,0.16
10,10th Submission,2022-11-11,1,0.8278704203505931,0.25802737576771106,0.007980076235079174,0.127563574032041,0.15832176254760003,0.15572544819379996,0.16
10,10th Submission,2022-11-11,2,0.8302142364039887,0.258010151850368,0.007931464782966333,0.12590379389994258,0.15832176254760003,0.15586560505560001,0.16
10,10th Submission,2022-11-11,3,0.8304961079586065,0.25873835627591557,0.007960435135736044,0.12632900245171577,0.15832176254760003,0.1562526125726,0.16
10,10th Submission,2022-11-11,4,0.8276989575604707,0.25763418451296005,0.007999631540876982,0.12712958834792012,0.15832176254760003,0.15607047382240002,0.16
11,11th Submission,2022-12-09,0,-0.08300301582862883,-0.006657837718177271,0.0045598564859198765,0.017172967733810152,0.16027456223999997,0.151218720063,0.16
11,11th Submission,2022-12-09,1,-0.08252097820961446,-0.006627147010400585,0.004560481865354384,0.017166724425233898,0.16027456223999997,0.15105394301099997,0.16
11,11th Submission,2022-12-09,2,-0.08311835061239446,-0.006668286742703464,0.0045595659330185286,0.01719515023126415,0.16027456223999997,0.1513360237924,0.16
11,11th Submission,2022-12-09,3,-0.08605757527677442,-0.006911166673567339,0.004558817617737745,0.01716916703310285,0.16027456223999997,0.151245298057,0.16
11,11th Submission,2022-12-09,4,-0.08453529128128112,-0.006770761911647428,0.0045594828799273525,0.01716417436261732,0.16027456223999997,0.1510826396062,0.16
12,12th Submission,2023-01-06,0,,0.0,0.0,0.0,0.16,0.1544897845488,0.16
12,12th Submission,2023-01-06,1,,0.0,0.0,0.0,0.16,0.15496692409120003,0.16
12,12th Submission,2023-01-06,2,,0.0,0.0,0.0,0.16,0.1546362241452,0.16
12,12th Submission,2023-01-06,3,,0.0,0.0,0.0,0.16,0.15482019550620002,0.16
12,12th Submission,2023-01-06,4,,0.0,0.0,0.0,0.16,0.1547864299506,0.16
