evaluation,mean_abs_dev_uniform,max_abs_dev_uniform,gross_exposure,largest_position,largest_weight
Trial run,0.0,0.0,0.9999999999999999,ABBV,0.01
1st Submission,0.0235024,0.20579999999999998,0.99997,VXX,0.06429
2nd Submission,0.02425932,0.19832,0.9453900000000001,SEGA.L,0.01541
3rd Submission,0.03286396,0.20693,1.0,SHY,0.03807
4th Submission,0.04916068,0.32307,0.25116,TLT,0.00886
5th Submission,0.05053440000000001,0.3908,0.25041,ABBV,-0.00255
6th Submission,0.0501192,0.39740000000000003,0.9998999999999999,ABBV,-0.0101
7th Submission,0.004402400000000002,0.017799999999999983,0.9999999999999999,ABBV,0.01
8th Submission,0.004402400000000002,0.017799999999999983,0.9999999999999999,ABBV,0.01
9th Submission,0.0,0.0,0.9999999999999999,ABBV,0.01
10th Submission,0.0163722,0.09515000000000001,1.0,DRE,1.0
11th Submission,0.00458,0.0174,1.0,DRE,1.0
12th Submission,0.0,0.0,1.0,DRE,1.0
