analysis,population,method,n,estimate,ci_low,ci_high,level,p_perm,n_boot,n_perm,seed,p_holm_monthly
spearman_global_all,163 global teams,spearman,163,0.0013274398748524766,-0.15008002247364405,0.15465938354899542,0.95,0.9859014098590141,10000.0,10000.0,2026.0,
pearson_global_all,163 global teams,pearson,163,0.025970385209931463,-0.11379476637402562,0.17319721253226902,0.95,0.736026397360264,10000.0,10000.0,2026.0,
spearman_global_informative,global teams without uniform forecasts,spearman,138,0.03323603245292852,-0.12851659286893088,0.19351810757853632,0.95,0.7011298870112989,10000.0,10000.0,2026.0,
spearman_month_01,teams scored in 1st Submission,spearman,163,0.011049365595280579,-0.14591436033199928,0.1630552631464343,0.95,0.8907109289071092,10000.0,10000.0,2026.0,1.0
spearman_month_02,teams scored in 2nd Submission,spearman,176,0.09147241265721555,-0.06722201661724311,0.2475890456675311,0.95,0.2253774622537746,10000.0,10000.0,2026.0,1.0
spearman_month_03,teams scored in 3rd Submission,spearman,185,0.07105733290216859,-0.08730611782194608,0.22571610530595254,0.95,0.3411658834116588,10000.0,10000.0,2026.0,1.0
spearman_month_04,teams scored in 4th Submission,spearman,197,-0.0924716799714012,-0.23655412901695072,0.05325048164740322,0.95,0.20217978202179782,10000.0,10000.0,2026.0,1.0
spearman_month_05,teams scored in 5th Submission,spearman,197,-0.09048604196478469,-0.23754975910119577,0.05758638211259257,0.95,0.2024797520247975,10000.0,10000.0,2026.0,1.0
spearman_month_06,teams scored in 6th Submission,spearman,200,-0.2904255539196988,-0.42142371423476843,-0.15004700534064586,0.95,9.999000099990002e-05,10000.0,10000.0,2026.0,0.0011998800119988001
spearman_month_07,teams scored in 7th Submission,spearman,208,-0.03564418464032188,-0.1831568998234424,0.1111753844688986,0.95,0.6045395460453955,10000.0,10000.0,2026.0,1.0
spearman_month_08,teams scored in 8th Submission,spearman,208,-0.1832837791911445,-0.3207417118923059,-0.03699938395994776,0.95,0.0093990600939906,10000.0,10000.0,2026.0,0.09399060093990601
spearman_month_09,teams scored in 9th Submission,spearman,214,-0.16008255151664316,-0.28915632511829364,-0.023645629227557925,0.95,0.0192980701929807,10000.0,10000.0,2026.0,0.1736826317368263
spearman_month_10,teams scored in 10th Submission,spearman,222,-0.0999919425795915,-0.23894026875854632,0.04321437244116034,0.95,0.13908609139086092,10000.0,10000.0,2026.0,1.0
spearman_month_11,teams scored in 11th Submission,spearman,225,-0.0967217404801487,-0.2282200795537636,0.0369226526493384,0.95,0.15078492150784922,10000.0,10000.0,2026.0,1.0
spearman_month_12,teams scored in 12th Submission,spearman,225,-0.21103277664383355,-0.33712618731086513,-0.0812530718321938,0.95,0.0016998300169983002,10000.0,10000.0,2026.0,0.018698130186981302
fisher_beat_benchmark,163 global teams,fisher_exact,163,1.007201646090535,,,,1.0,,,,
