symbol,kind
A,stock
AA,stock
AAIC,stock
AAN,stock
AAP,stock
AAT,stock
AB,stock
ABB,stock
ABC,stock
ABEV,stock
ABG,stock
ABM,stock
ABR,stock
ABT,stock
AC,stock
ACA,stock
ACC,stock
ACCO,stock
ACEL,stock
ACHR,stock
ACI,stock
ACM,stock
ACP,stock
ACR,stock
ACRE,stock
ACV,stock
ADC,stock
ADCT,stock
ADEX,stock
ADM,stock
ADNT,stock
ADT,stock
ADX,stock
AEE,stock
AEFC,stock
AEG,stock
AEL,stock
AEM,stock
AENZ,stock
AEO,stock
AER,stock
AES,stock
AESC,stock
AEVA,stock
AFB,stock
AFG,stock
AFGB,stock
AFGC,stock
AFGD,stock
AFGE,stock
AFL,stock
AFT,stock
AG,stock
AGCB,stock
AGCO,stock
AGD,stock
AGI,stock
AGM,stock
AGO,stock
AGR,stock
AGRO,stock
AGS,stock
AGX,stock
AHH,stock
AHT,stock
AI,stock
AIC,stock
AIF,stock
AIG,stock
AIN,stock
AIO,stock
AIR,stock
AIRC,stock
AIT,stock
AIV,stock
AIZN,stock
AJG,stock
AJRD,stock
AJX,stock
AJXA,stock
AKO-A,stock
AKO-B,stock
AKR,stock
AL,stock
ALB,stock
ALC,stock
ALE,stock
ALEX,stock
ALG,stock
ALIT,stock
ALK,stock
ALL,stock
ALLY,stock
ALSN,stock
ALTG,stock
ALV,stock
ALX,stock
AM,stock
AMBC,stock
AMC,stock
AMCR,stock
AME,stock
AMG,stock
AMH,stock
AMK,stock
AMN,stock
AMOV,stock
AMPS,stock
AMPY,stock
AMR,stock
AMRC,stock
AMRX,stock
AMT,stock
AMWL,stock
AMX,stock
AN,stock
ANET,stock
ANF,stock
ANVS,stock
AOD,stock
AON,stock
AOS,stock
AP,stock
APAM,stock
APD,stock
APG,stock
APH,stock
APLE,stock
APO,stock
APRN,stock
APTS,stock
APTV,stock
AQN,stock
AQNA,stock
AQNB,stock
AQUA,stock
AR,stock
ARC,stock
ARCH,stock
ARCO,stock
ARDC,stock
ARE,stock
ARES,stock
ARGD,stock
ARGO,stock
ARI,stock
ARL,stock
ARLO,stock
ARMK,stock
ARNC,stock
AROC,stock
ARR,stock
ARW,stock
ASA,stock
ASAN,stock
ASAQ,stock
ASB,stock
ASC,stock
ASG,stock
ASGI,stock
ASGN,stock
ASH,stock
ASIX,stock
ASPN,stock
ASR,stock
ASX,stock
ATA,stock
ATCO,stock
ATEN,stock
ATGE,stock
ATHM,stock
ATI,stock
ATIP,stock
ATKR,stock
ATO,stock
ATR,stock
ATTO,stock
ATUS,stock
AU,stock
AUD,stock
AUY,stock
AVA,stock
AVAL,stock
AVAN,stock
AVD,stock
AVK,stock
AVLR,stock
AVNS,stock
AVNT,stock
AVTR,stock
AVYA,stock
AWF,stock
AWI,stock
AWK,stock
AWP,stock
AWR,stock
AX,stock
AXL,stock
AXR,stock
AXS,stock
AXTA,stock
AYI,stock
AYX,stock
AZEK,stock
AZO,stock
AZRE,stock
AZUL,stock
AZZ,stock
B,stock
BA,stock
BABA,stock
BAC,stock
BAH,stock
BAK,stock
BALY,stock
BAM,stock
BAMH,stock
BAMI,stock
BANC,stock
BAP,stock
BARK,stock
BAX,stock
BB,stock
BBAR,stock
BBD,stock
BBDC,stock
BBDO,stock
BBN,stock
BBU,stock
BBVA,stock
BBW,stock
BBWI,stock
BBY,stock
BC,stock
BCAT,stock
BCC,stock
BCE,stock
BCH,stock
BCO,stock
BCS,stock
BCSF,stock
BCX,stock
BDC,stock
BDJ,stock
BDN,stock
BDXB,stock
BE,stock
BEDU,stock
BEKE,stock
BEN,stock
BEP,stock
BEPC,stock
BERY,stock
BEST,stock
BF-A,stock
BFAM,stock
BFK,stock
BFLY,stock
BFS,stock
BFZ,stock
BG,stock
BGB,stock
BGH,stock
BGR,stock
BGS,stock
BGSF,stock
BGT,stock
BGX,stock
BGY,stock
BH,stock
BH-A,stock
BHC,stock
BHE,stock
BHIL,stock
BHK,stock
BHLB,stock
BHP,stock
BHR,stock
BHV,stock
BIF,stock
BIG,stock
BILL,stock
BIO,stock
BIP,stock
BIPC,stock
BIT,stock
BJ,stock
BK,stock
BKD,stock
BKE,stock
BKH,stock
BKI,stock
BKN,stock
BKSY,stock
BKT,stock
BKU,stock
BLD,stock
BLDR,stock
BLE,stock
BLK,stock
BLW,stock
BLX,stock
BMA,stock
BME,stock
BMEZ,stock
BMI,stock
BMO,stock
BNED,stock
BNL,stock
BNS,stock
BNY,stock
BOAC,stock
BODY,stock
BOE,stock
BOH,stock
BOOT,stock
BORR,stock
BOX,stock
BP,stock
BPMP,stock
BPT,stock
BQ,stock
BRBR,stock
BRC,stock
BRDS,stock
BRFS,stock
BRK-A,stock
BRK-B,stock
BRMK,stock
BRO,stock
BRSP,stock
BRT,stock
BRW,stock
BRX,stock
BSAC,stock
BSBR,stock
BSIG,stock
BSL,stock
BSM,stock
BSMX,stock
BST,stock
BSTZ,stock
BSX,stock
BTA,stock
BTCM,stock
BTI,stock
BTO,stock
BTT,stock
BTU,stock
BTZ,stock
BUD,stock
BUI,stock
BUR,stock
BURL,stock
BV,stock
BVH,stock
BVN,stock
BW,stock
BWA,stock
BWG,stock
BWSN,stock
BWXT,stock
BX,stock
BXC,stock
BXMT,stock
BXMX,stock
BXP,stock
BY,stock
BYD,stock
BYM,stock
BZH,stock
C,stock
CAAP,stock
CABO,stock
CACI,stock
CADE,stock
CAE,stock
CAF,stock
CAG,stock
CAH,stock
CAJ,stock
CAL,stock
CALX,stock
CANG,stock
CANO,stock
CAPL,stock
CARS,stock
CAS,stock
CAT,stock
CATO,stock
CB,stock
CBD,stock
CBH,stock
CBRE,stock
CBT,stock
CBU,stock
CBZ,stock
CC,stock
CCAC,stock
CCCS,stock
CCI,stock
CCJ,stock
CCK,stock
CCL,stock
CCM,stock
CCO,stock
CCS,stock
CCU,stock
CCV,stock
CDAY,stock
CDE,stock
CEA,stock
CEE,stock
CEIX,stock
CEM,stock
CEN,stock
CEPU,stock
CEQP,stock
CEQP-P,stock
CF,stock
CFG,stock
CFR,stock
CGA,stock
CGAU,stock
CHCT,stock
CHD,stock
CHE,stock
CHGG,stock
CHH,stock
CHMI,stock
CHN,stock
CHPT,stock
CHRA,stock
CHS,stock
CHT,stock
CHWY,stock
CI,stock
CIA,stock
CIB,stock
CIEN,stock
CIF,stock
CIG,stock
CIG-C,stock
CII,stock
CIM,stock
CIO,stock
CIR,stock
CIT,stock
CIVI,stock
CIXX,stock
CL,stock
CLB,stock
CLDT,stock
CLF,stock
CLH,stock
CLPR,stock
CLR,stock
CLS,stock
CLVT,stock
CLW,stock
CLX,stock
CM,stock
CMA,stock
CMC,stock
CMCM,stock
CMG,stock
CMI,stock
CMP,stock
CMRE,stock
CMS,stock
CMSA,stock
CMSC,stock
CMSD,stock
CMU,stock
CNA,stock
CND,stock
CNF,stock
CNHI,stock
CNI,stock
CNK,stock
CNMD,stock
CNNE,stock
CNO,stock
CNQ,stock
CNS,stock
CNX,stock
CO,stock
CODI,stock
COE,stock
COF,stock
COLD,stock
COO,stock
COR,stock
CORR,stock
COTY,stock
CP,stock
CPA,stock
CPAC,stock
CPB,stock
CPE,stock
CPF,stock
CPG,stock
CPK,stock
CPLG,stock
CPRI,stock
CPS,stock
CPSR,stock
CPT,stock
CR,stock
CRC,stock
CRD-A,stock
CRD-B,stock
CRH,stock
CRHC,stock
CRI,stock
CRK,stock
CRL,stock
CRM,stock
CRS,stock
CRT,stock
CRU,stock
CS,stock
CSL,stock
CSLT,stock
CSPR,stock
CSR,stock
CSTM,stock
CSV,stock
CTBB,stock
CTDD,stock
CTK,stock
CTLT,stock
CTO,stock
CTOS,stock
CTR,stock
CTRA,stock
CTS,stock
CTT,stock
CTVA,stock
CUBB,stock
CUBE,stock
CUBI,stock
CUK,stock
CULP,stock
CURO,stock
CUZ,stock
CVE,stock
CVEO,stock
CVI,stock
CVNA,stock
CVS,stock
CVX,stock
CW,stock
CWEN,stock
CWEN-A,stock
CWH,stock
CWK,stock
CWT,stock
CX,stock
CXE,stock
CXH,stock
CXW,stock
CYD,stock
CYH,stock
CZOO,stock
D,stock
DAC,stock
DAL,stock
DAN,stock
DAO,stock
DAR,stock
DASH,stock
DAVA,stock
DB,stock
DBD,stock
DBI,stock
DBL,stock
DBRG,stock
DCF,stock
DCI,stock
DCO,stock
DCP,stock
DD,stock
DDD,stock
DDF,stock
DDS,stock
DDT,stock
DE,stock
DEA,stock
DECK,stock
DEI,stock
DELL,stock
DEN,stock
DEO,stock
DESP,stock
DEX,stock
DFIN,stock
DFP,stock
DFS,stock
DGX,stock
DHF,stock
DHI,stock
DHR,stock
DHT,stock
DHX,stock
DIAX,stock
DIN,stock
DIS,stock
DK,stock
DKL,stock
DKS,stock
DLB,stock
DLNG,stock
DLR,stock
DLX,stock
DLY,stock
DM,stock
DMB,stock
DMO,stock
DMS,stock
DNB,stock
DNMR,stock
DNOW,stock
DNP,stock
DOC,stock
DOMA,stock
DOOR,stock
DOV,stock
DOW,stock
DPG,stock
DQ,stock
DRD,stock
DRH,stock
DRI,stock
DRQ,stock
DS,stock
DSL,stock
DSM,stock
DSU,stock
DSX,stock
DT,stock
DTB,stock
DTE,stock
DTF,stock
DTLA-P,stock
DTP,stock
DTW,stock
DUK,stock
DUKB,stock
DVA,stock
DVD,stock
DVN,stock
DWIN,stock
DX,stock
DY,stock
DYFN,stock
E,stock
EAF,stock
EARN,stock
EAT,stock
EB,stock
EBF,stock
EBR,stock
EBR-B,stock
EBS,stock
EC,stock
ECC,stock
ECCX,stock
ECCY,stock
ECL,stock
ECOM,stock
ECVT,stock
ED,stock
EDD,stock
EDF,stock
EDI,stock
EDN,stock
EDU,stock
EEA,stock
EEX,stock
EFC,stock
EFL,stock
EFR,stock
EFT,stock
EFX,stock
EGF,stock
EGHT,stock
EGO,stock
EGP,stock
EGY,stock
EHC,stock
EHI,stock
EIC,stock
EIG,stock
EIX,stock
EL,stock
ELAN,stock
ELAT,stock
ELF,stock
ELP,stock
ELS,stock
ELVT,stock
EMD,stock
EME,stock
EMF,stock
EMN,stock
EMO,stock
EMR,stock
ENB,stock
ENBA,stock
ENIC,stock
ENJ,stock
ENLC,stock
ENO,stock
ENPC,stock
ENR,stock
ENS,stock
ENV,stock
ENVA,stock
ENZ,stock
EOD,stock
EOG,stock
EOI,stock
EOS,stock
EOT,stock
EPAC,stock
EPAM,stock
EPC,stock
EPD,stock
EPR,stock
EPRT,stock
EPWR,stock
AADR,etf
AAXJ,etf
ACWI,etf
ACWX,etf
ADRE,etf
AGNG,etf
AGZD,etf
AIA,etf
AIQ,etf
AIRR,etf
ALTY,etf
ANGL,etf
AQWA,etf
ASET,etf
BBH,etf
BFIT,etf
BGRN,etf
BIB,etf
BICK,etf
BIS,etf
BITS,etf
BJK,etf
BKCH,etf
BLCN,etf
BND,etf
BNDW,etf
BNDX,etf
BOTZ,etf
BSBE,etf
BSCE,etf
BSCM,etf
BSCN,etf
BSCO,etf
BSCP,etf
BSCQ,etf
BSCR,etf
BSCS,etf
BSCT,etf
BSCU,etf
BSCV,etf
BSDE,etf
BSJM,etf
BSJN,etf
BSJO,etf
BSJP,etf
BSJQ,etf
BSJR,etf
BSJS,etf
BSJT,etf
BSMM,etf
BSMN,etf
BSMO,etf
BSMP,etf
BSMQ,etf
BSMR,etf
BSMS,etf
BSMT,etf
BSMU,etf
BSMV,etf
BTEC,etf
BTF,etf
BUG,etf
CACG,etf
CARZ,etf
CATH,etf
CDC,etf
CDL,etf
CEFA,etf
CEY,etf
CFA,etf
CFO,etf
CHB,etf
CHNA,etf
CIBR,etf
CID,etf
CIL,etf
CIZ,etf
CLOU,etf
CLRG,etf
CNCR,etf
COMT,etf
CSA,etf
CSB,etf
CSF,etf
CSML,etf
CTEC,etf
CXSE,etf
DALI,etf
DAM,etf
DAPP,etf
DAX,etf
DDIV,etf
DEMZ,etf
DGRE,etf
DGRS,etf
DGRW,etf
DMAT,etf
DMXF,etf
DRIV,etf
DSPC,etf
DVLU,etf
DVOL,etf
DVY,etf
DWAS,etf
DWAT,etf
DWAW,etf
DWCR,etf
DWEQ,etf
DWMC,etf
DWPP,etf
DWSH,etf
DWUS,etf
DXGE,etf
DXJS,etf
EBIZ,etf
ECOW,etf
EDOC,etf
EDUT,etf
EEMA,etf
EFAS,etf
EKG,etf
EMB,etf
EMCB,etf
EMIF,etf
EMXC,etf
EMXF,etf
ENZL,etf
EQRR,etf
ESGD,etf
ESGE,etf
ESGU,etf
ESMV,etf
ESPO,etf
EUFN,etf
EWEB,etf
EWJE,etf
EWJV,etf
EWZS,etf
FAAR,etf
FAB,etf
FAD,etf
FALN,etf
FBZ,etf
FCA,etf
FCAL,etf
FCEF,etf
FCVT,etf
FDNI,etf
FDT,etf
FDTS,etf
FEM,etf
FEMB,etf
FEMS,etf
FEP,etf
FEUZ,etf
FEX,etf
FGM,etf
FICS,etf
FID,etf
FINX,etf
FIVR,etf
FIXD,etf
FJP,etf
FKU,etf
FLN,etf
FMB,etf
FMHI,etf
FNK,etf
FNX,etf
FNY,etf
FPA,etf
FPXE,etf
FPXI,etf
FSZ,etf
FTA,etf
FTAG,etf
FTC,etf
FTCS,etf
FTGC,etf
FTHI,etf
FTRI,etf
FTSL,etf
FTSM,etf
FTXG,etf
FTXH,etf
FTXL,etf
FTXN,etf
FTXO,etf
FTXR,etf
FV,etf
FVC,etf
FYC,etf
FYT,etf
FYX,etf
GENY,etf
GFGF,etf
GIGE,etf
GNMA,etf
GNOM,etf
GRID,etf
GTR,etf
GXTG,etf
HERD,etf
HERO,etf
HEWG,etf
HISF,etf
HLAL,etf
HNDL,etf
HYDR,etf
HYLS,etf
HYXF,etf
HYZD,etf
IBB,etf
IBBQ,etf
IBET,etf
IBTB,etf
IBTD,etf
IBTE,etf
IBTF,etf
IBTG,etf
IBTH,etf
IBTI,etf
IBTJ,etf
IBTK,etf
IBTL,etf
IDLB,etf
IEI,etf
IFGL,etf
IFV,etf
IGIB,etf
IGOV,etf
IGSB,etf
IHYF,etf
IJT,etf
IMCV,etf
INDY,etf
IPKW,etf
ISDX,etf
ISEM,etf
ISHG,etf
ISHP,etf
ISTB,etf
IUS,etf
IUSB,etf
IUSG,etf
IUSS,etf
IUSV,etf
IXUS,etf
JOET,etf
JSMD,etf
JSML,etf
KBWB,etf
KBWD,etf
KBWP,etf
KBWR,etf
KBWY,etf
KEJI,etf
KRMA,etf
KROP,etf
LDEM,etf
LDSF,etf
LEGR,etf
LGBT,etf
LMBS,etf
LRGE,etf
LVHD,etf
MBB,etf
MDCP,etf
MDIV,etf
MILN,etf
NFTY,etf
NXTG,etf
NZRO,etf
ONEQ,etf
PABU,etf
PDBC,etf
PDP,etf
PEY,etf
PEZ,etf
PFF,etf
PFI,etf
PFM,etf
PGJ,etf
PHO,etf
PID,etf
PIE,etf
PIO,etf
PIZ,etf
PKW,etf
PLW,etf
PNQI,etf
POTX,etf
PPH,etf
PRFZ,etf
PRN,etf
PSC,etf
PSCC,etf
PSCD,etf
PSCE,etf
PSCF,etf
PSCH,etf
PSCI,etf
PSCM,etf
PSCT,etf
PSCU,etf
PSET,etf
PSL,etf
PTF,etf
PTH,etf
PUI,etf
PXI,etf
PY,etf
PYZ,etf
QABA,etf
QAT,etf
QCLN,etf
QCLR,etf
QQC,etf
QQD,etf
QQEW,etf
QQJG,etf
QQMG,etf
QQQ,etf
QQQA,etf
QQQJ,etf
QQQM,etf
QQQN,etf
QQXT,etf
QRMI,etf
QTEC,etf
QTR,etf
QYLD,etf
QYLG,etf
RAYS,etf
RDVY,etf
REIT,etf
RFDI,etf
RFEM,etf
RFEU,etf
RING,etf
RNDM,etf
RNDV,etf
RNEM,etf
RNLC,etf
RNMC,etf
RNRG,etf
RNSC,etf
ROBT,etf
RTH,etf
SARK,etf
SCZ,etf
SDG,etf
SDVY,etf
SHV,etf
SKOR,etf
SKYU,etf
SKYY,etf
SLQD,etf
SMCP,etf
SMH,etf
SNLN,etf
SNSR,etf
SNUG,etf
SOCL,etf
SOGU,etf
SOXQ,etf
SOXX,etf
SPBC,etf
SPCX,etf
SPRX,etf
SQLV,etf
SQQQ,etf
SRET,etf
SUSB,etf
SUSC,etf
SUSL,etf
TCHI,etf
TDIV,etf
TQQQ,etf
TUR,etf
TUSA,etf
UAE,etf
UBND,etf
UCRD,etf
UCYB,etf
UFO,etf
UMMA,etf
USBF,etf
USIG,etf
USLB,etf
USMC,etf
USXF,etf
VBB,etf
VCIT,etf
VCLT,etf
VCSH,etf
VGIT,etf
VGLT,etf
VGSH,etf
VIGI,etf
VMBS,etf
VNQI,etf
VONE,etf
VONG,etf
VONV,etf
VPN,etf
VRIG,etf
VSDA,etf
VSMV,etf
VTC,etf
VTHR,etf
VTIP,etf
VTWG,etf
VTWO,etf
VTWV,etf
VWOB,etf
VXUS,etf
VYMI,etf
WBND,etf
WCBR,etf
WCLD,etf
WGMI,etf
WGRO,etf
WINC,etf
WIZ,etf
WNDY,etf
WOOD,etf
XDNA,etf
XT,etf
YLDE,etf
ZGEN,etf
