name,team_name,n_periods,mean_rps_diff,dm_stat,p_dm,p_boot,boot_ci_low,boot_ci_high,p_holm,p_bh
38c7fc7b,MP - Miguel Pérez Michaus,12,-0.003516116846499997,-8.206595554505972,2.560881551849188e-06,9.999000099990002e-05,-0.004210842773758748,-0.0028872394208724964,0.0004174236929514176,0.0004174236929514176
b5188797,Cognitive outside,12,-0.002730639220000009,-7.0761669687851425,1.027801940566841e-05,9.999000099990002e-05,-0.003494202146666676,-0.0019608645954166688,0.0016650391437182824,0.0008376585815619754
cfd8f183,Dan,12,-0.003555244973516662,-5.4831151968984715,9.551850685170833e-05,9.999000099990002e-05,-0.004729644675595845,-0.0024368081484470857,0.01537847960312504,0.005189838872276153
7cb34dbb,SebastianR,12,-0.003506332392433339,-5.262647615155755,0.00013366317969512161,9.999000099990002e-05,-0.004752415927789172,-0.0021948768202391836,0.02138610875121946,0.005446774572576206
08986844,Peters_STU,12,-0.0020483333333333347,-4.9254120521962745,0.0002264759350395144,9.999000099990002e-05,-0.0029183333333333353,-0.001159958333333324,0.036009673671282785,0.0064537133209007745
bbf60ff1,Handel,12,-0.0020578824366833275,-4.895353737183864,0.0002375599995423598,9.999000099990002e-05,-0.002787852592650835,-0.0013387621438999988,0.03753447992769285,0.0064537133209007745
c53b3306,TKIM,12,-0.003051748047783342,-4.4000851164101435,0.0005315242626472255,0.00019998000199980003,-0.00461266264004042,-0.001665074944990429,0.0834493092356144,0.01237692211592825
db21f28b,21,12,-0.0027144349940500015,-3.8621132549168475,0.001321825494835677,9.999000099990002e-05,-0.004052813932683343,-0.0013977131244624964,0.2062047771943656,0.026932194457276917
c674f84b,MORPHEMIC,12,-0.0017905540306166663,-3.26719209580083,0.003751253315906694,0.0007999200079992001,-0.002900496723277087,-0.0007303359274883275,0.5814442639655376,0.0542123691509328
b1002bc9,AdaGaussMC_STU,12,-0.0030817496214000026,-3.2552945417367987,0.0038313931959734334,9.999000099990002e-05,-0.004688004959464584,-0.0013829100069500018,0.5900345521799087,0.0542123691509328
4b556c23,Up-and-Down,12,-0.0023624641916666655,-3.235091142825632,0.0039714935211922296,9.999000099990002e-05,-0.003856995615333332,-0.0006652992283333395,0.6076385087424111,0.0542123691509328
71b47b97,microprediction.org,12,-0.0016798104966666675,-3.2323224896856715,0.003991094661418365,9.999000099990002e-05,-0.0026965536363333406,-0.0007349492859166681,0.6076385087424111,0.0542123691509328
cd597d34,StanekF_STU (CERGE-EI),12,-0.003105585229266669,-2.769236110050629,0.009125953617395542,0.0035996400359964,-0.0053562724144508335,-0.001054028211866671,1.0,0.11442541843349795
bc4b0314,MarcoGorelli (Слава Україні!),12,-0.0010509579243000004,-2.0839729310962074,0.030637968731978747,0.039996000399960006,-0.0022602033153083343,-1.9374082007492632e-05,1.0,0.35671349309375255
611c19d0,Chris Miles,12,-0.001175287833333337,-1.097352770824354,0.14796396558270397,0.11958804119588042,-0.0031460101666666643,0.0007653983999999995,1.0,1.0
b42b1297,deffro,12,-0.0006173424376833292,-1.079696403843207,0.1516911758319239,0.098990100989901,-0.0015480696723737598,0.00035423020378376723,1.0,1.0
47dd8149,MyBloodyValentine,12,-0.0007255471534833394,-1.0291127357352152,0.16276218546715404,0.15998400159984003,-0.002251763201733342,0.0005094501315999986,1.0,1.0
c261b5c3,Alfa,12,-6.535783333333257e-05,-1.0,0.16940034809810084,0.26747325267473254,-0.00019607349999999774,0.0,1.0,1.0
d707cb75,M4-SL,12,-0.0009630362499999911,-0.7357870283646801,0.2386285116403736,0.22607739226077392,-0.003706159096354159,0.0012961714583333516,1.0,1.0
b681845b,Ludo,12,-0.0008029637866666592,-0.7176478317611008,0.24396769218858405,0.25407459254074594,-0.0033467201513333288,0.0013829539156666722,1.0,1.0
1374c1f1,Lo Kheng Hong,12,-0.0007071295533333336,-0.6659130959682478,0.25959362549777176,0.266973302669733,-0.0029204228866666604,0.0014365037799999904,1.0,1.0
3900b673,Stochoshi,12,-0.0018436895311999962,-0.6609645073193637,0.26111873104583433,0.2400759924007599,-0.00693382960667499,0.0033398673144666526,1.0,1.0
31bb28c9,ouranos,12,-0.00024119190875000057,-0.634174563755925,0.2694656657763284,0.28057194280571945,-0.0010343291553212438,0.0005513512791491622,1.0,1.0
5c7bb709,rnrq,12,-0.0009794598693166692,-0.4945748344032698,0.3153146510981935,0.3050694930506949,-0.004599503906886663,0.0027874781032166673,1.0,1.0
644389bc,lifters,12,-0.0006118653333333432,-0.4945288590151957,0.3153303646705375,0.3200679932006799,-0.0031022070000000053,0.0018954679999999904,1.0,1.0
dd543bd7,Innovation Team (Mathco),12,-0.0007798575377499969,-0.468552681547942,0.3242687731798897,0.27947205279472054,-0.0033061917951416673,0.0018237534116166756,1.0,1.0
921f735d,PortfolioQuant,12,-0.0007504299654666596,-0.44770192662332187,0.33152847785609607,0.25877412258774124,-0.0026764013759558213,0.0014536242085525092,1.0,1.0
07c9170b,Dream Team,12,-0.00042303214960000973,-0.38735191905668953,0.35294271779502223,0.31256874312568744,-0.0021040631479270896,0.0013132989987724884,1.0,1.0
bccf94bb,namaste_STU,12,-0.0003881828266666688,-0.3581860285220943,0.3634915350851153,0.35636436356364365,-0.0027407161600000057,0.0017529505066666655,1.0,1.0
0b1bfb9c,T,12,-0.00020023907773333618,-0.30219434043884097,0.3840705328098201,0.35226477352264773,-0.0012936876216554153,0.000841746199333332,1.0,1.0
91716b78,RaduR,12,-0.0005632937986499951,-0.28137011514096266,0.39182450476019565,0.30286971302869714,-0.0023894822545191536,0.0015092921374766687,1.0,1.0
dfb3c499,Navi,12,-0.00020873333333332883,-0.2604211453933947,0.3996747261792256,0.34566543345665435,-0.0013257583333333243,0.000873291666666666,1.0,1.0
bfd7c457,Minore,12,-0.00018998812219999753,-0.21949852967460062,0.41514085053086774,0.38646135386461355,-0.0014056371328666703,0.0010503335294600057,1.0,1.0
5c0347cc,cantabrigian,12,-0.0002013065066666699,-0.16926612847240105,0.43432994713260015,0.4236576342365763,-0.00278868817333334,0.002143838493333338,1.0,1.0
dd807d74,noname,12,-0.00015769916666667078,-0.14164645169978227,0.44496008062158776,0.43775622437756223,-0.0023989599666666794,0.0019553211874999963,1.0,1.0
1d3cd369,Big Short,12,-0.00032075703361666524,-0.13062611619649006,0.4492146842873064,0.43765623437656237,-0.0043358267298499965,0.0038640950343387546,1.0,1.0
b17cd734,OPPO XZ Lab,12,-0.0003048952199999992,-0.12027609788620794,0.4532165893037819,0.43625637436256376,-0.0033724217689999948,0.004602224435333322,1.0,1.0
c9b02591,ol,12,-7.72635919333367e-05,-0.050506518821146366,0.480312106058645,0.48635136486351366,-0.0031533733887933414,0.003139088493850003,1.0,1.0
bc8c2b83,Simply MinVar,12,0.00014288226236667626,0.05550866204148572,0.5216356892120422,0.5126487351264873,-0.004904937657367489,0.004836408499298348,1.0,1.0
b875c91c,Alcácer,12,9.530256000000088e-05,0.08010895093204047,0.5312052618918834,0.5152484751524847,-0.0024285574399999983,0.0024628958933333336,1.0,1.0
515b11f9,Venu,12,0.0001911922408333322,0.09086409698928039,0.5353829562468402,0.5417458254174583,-0.003049404892064173,0.0034314062006999984,1.0,1.0
d874631c,wp,12,0.00017954033666666563,0.10134388037931966,0.5394494151999494,0.547945205479452,-0.0033957336173333335,0.004214025127999995,1.0,1.0
c29fbf4f,idatafactory,12,0.00045344999999999414,0.10513102616100527,0.5409178052142487,0.6079392060793921,-0.005629229999999993,0.010160817916666653,1.0,1.0
787d2872,JaimeLluch,12,0.00046040770073334697,0.127947232140675,0.5497500534266662,0.5525447455254474,-0.00639604013259998,0.00720604595073334,1.0,1.0
5f3cc21b,garch_chen,12,0.0007759598230666631,0.20370962968287512,0.5788499721301058,0.6125387461253875,-0.004736480716623343,0.006819787753108333,1.0,1.0
d252b0cc,Angel Lordan BCN,12,0.00046457642193334137,0.41133575122458405,0.6556366687679256,0.6891310868913109,-0.001326366945655827,0.002608748918908337,1.0,1.0
9b7bb959,LAIR,12,0.0012214570912833349,0.41598996005272915,0.6572912010825768,0.7356264373562644,-0.002417281999714593,0.007069108730032926,1.0,1.0
60b1d9cc,Pike Place Bets,12,0.0009452787749999978,0.44612437662173554,0.667919258093888,0.6967303269673033,-0.0025931059145416677,0.004841593212374993,1.0,1.0
3b28f32c,Shipwreck,12,0.0014991801033333331,0.4832317740316677,0.6807969961997368,0.7192280771922808,-0.0036249058850833303,0.006539223506666663,1.0,1.0
b4977cb7,DLM_CX,12,0.00218447900000001,0.5555234930947744,0.7051719890662579,0.7384261573842615,-0.004170653615166664,0.00935892689000001,1.0,1.0
2ddbfd56,impulsive response,12,0.001527355617599993,0.5729632272162248,0.7109031444160223,0.7132286771322868,-0.003463349695533346,0.007444674796856668,1.0,1.0
1240bcc8,cn ccc,12,0.0030638945933333336,0.7830059683470856,0.7749236330730336,0.7459254074592541,-0.0016178064866666651,0.010907680032166677,1.0,1.0
47dc617b,gmobaz,12,0.014909512933333336,0.8721231351036092,0.7991117689924916,0.7326267373262674,-0.003762486352708334,0.050181510335000006,1.0,1.0
f8fbd1bf,Selamlar H.T.(Ataforecasting),12,0.010276704810116674,0.8880591299387158,0.8032433846086945,0.742025797420258,-0.002308283717849994,0.03393147997291667,1.0,1.0
3862cc83,Dull AI,12,0.003249038308000001,0.9080962448793785,0.808354404159634,0.8494150584941506,-0.0023704434075999974,0.009902321847749999,1.0,1.0
14cbb019,NEOMABS_STU,12,0.0008088013183666573,0.9774491831202581,0.8253229905308651,0.8979102089791021,-0.00027264815766667405,0.0021019993200999975,1.0,1.0
4cb8b66c,Spoonman,12,0.0011914994005999986,1.0304727796486306,0.8375431492443577,0.8444155584441556,-9.33716434166736e-05,0.0035822893876779225,1.0,1.0
dcc0145b,Stonks,12,0.013369942548266678,1.04059627050202,0.8398025490454388,0.9274072592740726,1.8460173866673608e-05,0.03925631413040002,1.0,1.0
0db5fc0c,USYD_PRAZ,12,0.006791616324499997,1.2391749863780532,0.879465329105936,0.9546045395460454,-0.0010191440725025036,0.014550865708364991,1.0,1.0
b4dd7019,CUFE,12,0.005568619239066659,1.3095346788236306,0.8914775575687667,0.8876112388761124,-0.001856432687735415,0.015012010484483314,1.0,1.0
1bdff261,Arnoud,12,0.0001799999999999973,1.334915727677195,0.8955628157950494,0.9855014498550145,4.666666666665314e-05,0.0003466666666666664,1.0,1.0
2b8b032c,AEML_Inha,12,0.0010837253186000012,1.338354227568261,0.8961063782547888,0.9273072692730727,-0.00036666666666666797,0.002521234897282508,1.0,1.0
dfcb064c,hm2200,12,0.0027295083099999986,1.3779322826792992,0.9021958066063869,0.9591040895910409,-9.610056550000157e-05,0.005753000868833334,1.0,1.0
86458890,HMMBySJ,12,0.018970054123433343,1.3976524713363832,0.9051169244465943,0.9326067393260674,0.0011760836218666776,0.04798792657000003,1.0,1.0
cf2d56c6,Delta,12,0.0052031632368999894,1.4407604887534815,0.9112476133343758,0.8879112088791121,-0.0014316098090545895,0.013979594516225814,1.0,1.0
3bdbc3c0,Fred Viole,12,0.003098097139999994,1.4807921795124057,0.9166364029397558,0.9636036396360363,-0.00018774981333333682,0.006535897299999992,1.0,1.0
c8f498d2,OCI Forecasting Team,12,0.0035570833333333357,1.4878786876884336,0.9175605844947795,0.9567043295670433,-0.0004362000000000061,0.007649987499999989,1.0,1.0
380c6343,PREMIA,12,0.0032022331024999886,1.5409851255014644,0.9242100211332736,0.9012098790120988,-0.0005730948893229191,0.008449969978072899,1.0,1.0
c34d255b,MM_STU,12,0.025614652086666672,1.566281417489291,0.9272103962144409,0.9165083491650835,0.0007421111666666679,0.06482052634,1.0,1.0
203bb693,SKIZIODS,12,0.00027124333333333983,1.6234133080167272,0.9336074550910372,0.9081091890810918,-6.442814166665637e-05,0.0006723878750000064,1.0,1.0
5004c81c,Burakhan Sel_STU,12,0.004454166666666671,1.6712145004352883,0.9385733214483254,0.9659034096590341,-0.0005185624999999847,0.009154166666666677,1.0,1.0
0102b20c,Apollo,12,0.0042046666666666855,1.675958341109005,0.9390476695939965,0.958004199580042,-0.0009359166666666532,0.008914666666666687,1.0,1.0
bbb3c357,Galloping Gargoyles,12,0.003894337836666678,1.7003344164967342,0.9414339551820066,0.944905509449055,-0.000996627048041656,0.008558028333916685,1.0,1.0
b3bbdb72,ankit,12,0.002865500000000002,1.7324349091829665,0.9444487577334014,0.9639036096390361,-0.0001487958333333329,0.0060565291666666654,1.0,1.0
b4264c50,HTW Berlin,12,0.008778846961149979,1.7776445298614965,0.9484579679344611,0.9823017698230176,0.0008004442538120697,0.016876973076699983,1.0,1.0
f250dfc3,AM naïve,12,0.019059236188933334,1.7962571800330487,0.9500310384970929,0.9524047595240476,-0.00041429476795000014,0.04166004991407415,1.0,1.0
ccb2bfb9,Quantmetry,12,0.010894891642483334,1.8195441699257542,0.9519376845393379,0.9735026497350265,0.0015309971864266695,0.021897040448202062,1.0,1.0
916fdfd9,TheRiskTakers,12,0.0029075833333333523,1.8674917637713373,0.9556559631425918,0.9848015198480152,0.00039545000000001246,0.0054853270833333575,1.0,1.0
96609938,JcBou,12,0.04442034673270002,1.870161034437523,0.9558550030436571,0.9243075692430757,-0.0003819743564000046,0.10515527136057537,1.0,1.0
41c16cc4,Felix_STU,12,0.006816666666666654,1.976588334545458,0.9631511226681257,0.9864013598640136,0.001316562499999981,0.012912499999999992,1.0,1.0
cd4803dc,deathReaper0965,12,0.004246666666666665,1.9864286621796423,0.9637658696382593,0.9892010798920108,0.00045079166666666656,0.007870216666666664,1.0,1.0
84d63b80,forengeeks,12,0.008311179882600002,2.0825056328090588,0.9692842285022799,0.9764023597640236,0.0011671118837333374,0.016516914710516663,1.0,1.0
7830dcbb,Lucas test,12,0.01808976666666668,2.213812246298746,0.9755541850852636,0.9927007299270073,0.0035439266666666817,0.032871377500000014,1.0,1.0
d562f28c,Super3,12,0.004616666666666681,2.2463833590291333,0.9769091141215996,0.9979002099790021,0.0012174791666666681,0.007927531250000017,1.0,1.0
05cd7224,ma7,12,0.050661210844533344,2.320801657749738,0.9797397239587926,0.9734026597340266,0.000889898683466676,0.1034726237555994,1.0,1.0
dcc4c022,Porto ( Serafettin Gunes ),12,0.007017083333333338,2.4237448311695666,0.9831089796575979,0.9804019598040196,0.0012266302083333456,0.013783750000000004,1.0,1.0
6f6dc500,Evergi,12,0.004357975830000004,2.5947999599152225,0.9875379903370456,0.999000099990001,0.0014741388739166706,0.007260216430333328,1.0,1.0
c47b9db1,Numerical Stochastics,12,0.017374999999999995,2.6936678536435443,0.9895541063622237,0.9987001299870013,0.0049999999999999906,0.029999999999999995,1.0,1.0
ccbb0fd2,market_bulls,12,0.003168036850000007,2.7106333902008943,0.9898660352917285,0.9911008899110089,0.0008489523324166783,0.005773384220000008,1.0,1.0
d50c10cd,Wallace,12,0.012813085030833322,2.959772508598424,0.9935097166823411,1.0,0.005988323065541668,0.01926349611999999,1.0,1.0
89c29b7d,washi_wa_ou,12,0.005785133333333331,3.0975260660569717,0.9949255794162536,0.9996000399960004,0.0018030500000000005,0.00955676583333332,1.0,1.0
190cb995,Placeholder,12,0.025694891509999995,3.1112325516387416,0.9950481666962282,0.9956004399560044,0.010963869519999992,0.04489449382333331,1.0,1.0
66c4f4fd,M6 Team RU,12,0.03192333333333333,3.393040376067995,0.9969987424699512,1.0,0.016706666666666672,0.04701833333333333,1.0,1.0
c3b8d4fc,us3,12,0.016068565237199996,3.396080261671214,0.9970148305819274,1.0,0.00617116165773334,0.025021224573119998,1.0,1.0
b3d7dbc2,ENJINE,12,0.016439633583333325,3.437695758806813,0.9972264080290449,0.9986001399860014,0.006684500381666655,0.02695385342587499,1.0,1.0
20fbd380,smart,12,0.04221666666666667,3.5532352187210337,0.9977368591020049,0.9987001299870013,0.019782916666666667,0.06875041666666666,1.0,1.0
8c13bdf6,Probabilistic Forecaster _STU,12,0.01896996414489999,3.5982878691839004,0.997908774329117,0.9995000499950005,0.008444868872686643,0.030290619026040827,1.0,1.0
917cb964,aggrwl,12,0.005495766666666677,3.778647379679354,0.9984728839415441,0.9998000199980002,0.002755434166666672,0.008713691666666672,1.0,1.0
66752bbc,Inve$t,12,0.010541312145383347,3.845494185412915,0.998639707593809,1.0,0.005278762001066678,0.01571013492146667,1.0,1.0
f067b9f5,Europans,12,0.009283333333333352,3.90910226888512,0.998780951974451,1.0,0.0048333333333333535,0.013367083333333354,1.0,1.0
db442696,berserk_HKU,12,0.02473833333333335,4.073607148664968,0.9990799507923559,1.0,0.012021250000000011,0.036172083333333355,1.0,1.0
22dcdc75,VTAI,12,0.037202643902,4.125304477017206,0.9991572625105273,1.0,0.023597194101999997,0.05100586183533332,1.0,1.0
9bf7ccb3,auto.arima and a dream,12,0.011763856173333323,4.371762977475716,0.9994428659206079,1.0,0.007148978673333315,0.015511222839999997,1.0,1.0
7589718c,DeepFuture,12,0.07051929969304999,4.620020779022344,0.9996298262146638,1.0,0.03809849189875,0.10876800903105001,1.0,1.0
8c90882c,Brick Tamland,12,0.02385607283333334,4.780289885744322,0.9997144260647685,0.9997000299970003,0.014972670833333345,0.03566427159999999,1.0,1.0
39b9b3b1,gvg_1327,12,0.010264665019066673,4.901093274770121,0.9997645998882126,1.0,0.006957213441599993,0.013872788679866677,1.0,1.0
f743b142,SimpleBest,12,0.06281623905468335,4.908310096373888,0.999767286324629,1.0,0.041714873264895834,0.09112105333214626,1.0,1.0
9ddb66b4,FUW Patrol_STU,12,0.08303038883333333,5.239851705267422,0.9998615569633388,1.0,0.05443184400000001,0.1132431865,1.0,1.0
30c5c41c,Axios,12,0.010630478333299977,5.27268957996149,0.9998683866368939,1.0,0.006519138333299988,0.015360912740733307,1.0,1.0
2b6cb11d,Team_QWERTY,12,0.011549966758066669,5.288673385421388,0.9998715808932881,1.0,0.0071044158978766665,0.01584211481913334,1.0,1.0
6954b3b1,buffet,12,0.06363089999999999,5.492318149903792,0.9999057977380887,1.0,0.0408637775,0.09278400833333333,1.0,1.0
d18b809d,VC,12,0.011840399847633324,5.496923850246785,0.9999064492177668,1.0,0.00825188801559999,0.01630622017836666,1.0,1.0
59405297,Hamid,12,0.06475313653333332,5.498404333057176,0.9999066576152102,1.0,0.04445289717333334,0.09310163106533334,1.0,1.0
2bc96665,Command Line Heroes,12,0.02915933266701667,5.520589950840557,0.9999097221493487,1.0,0.01907412360266294,0.04132672006531665,1.0,1.0
f5d74bfb,Bruce,12,0.03166166666666667,5.726537425930748,0.9999335584529365,1.0,0.019909791666666662,0.04267166666666666,1.0,1.0
5fc3bcc4,FAB,12,0.069455114,6.353896311190663,0.9999729221268306,1.0,0.04129211014166667,0.09303758333333333,1.0,1.0
fb07c974,FabulousFab,12,0.02550136514366666,7.072466484333191,0.999989672580593,1.0,0.019127648477000003,0.03172545181033332,1.0,1.0
6133c0d7,Proexe,12,0.030807291666666663,7.178715250930116,0.9999909948314354,1.0,0.022786458333333332,0.03835937499999997,1.0,1.0
656bb49c,BayesianIsFun,12,0.08976854958333332,7.181411945668171,0.9999910259299365,1.0,0.07291712930666666,0.10892496666666668,1.0,1.0
12b14bfc,Drazencap,12,0.07146000000000001,7.278182454880268,0.9999920689825678,1.0,0.05826666666666668,0.08558683333333335,1.0,1.0
939398bd,handsome boy,12,0.03906666666666666,8.20154884877052,0.9999974239960319,1.0,0.02786666666666665,0.049268333333333324,1.0,1.0
ffbf60c3,Dodger Federer,12,0.10707685929666667,8.472104550242545,0.9999981142228698,1.0,0.0874633912075,0.12737336234199997,1.0,1.0
538b0bb5,Olex,12,0.02480000000000003,8.741674180034371,0.9999986076627303,1.0,0.019533333333333357,0.030033333333333367,1.0,1.0
98669526,Lion DS,12,0.12071583333333336,9.033369059410806,0.999998989207677,1.0,0.09027000000000002,0.15225500000000003,1.0,1.0
78cc44f1,RocketShip AI,12,0.07054666666666667,10.724172443024242,0.9999998169721269,1.0,0.059579999999999994,0.08028,1.0,1.0
90d29bb6,InvesTUM,12,0.14633333333333334,11.512476073609028,0.9999999110203607,1.0,0.12333333333333335,0.17033333333333334,1.0,1.0
f4767b9c,M37,12,0.13841123450000004,12.463720614445853,0.999999960645913,1.0,0.11841123450000002,0.15733333333333338,1.0,1.0
48cf320f,ML6team,12,0.15633333333333335,14.235909196316994,0.9999999901325167,1.0,0.13300000000000003,0.17700000000000002,1.0,1.0
87852799,NAU,12,0.10015999999999999,14.746817622314685,0.9999999931843193,1.0,0.09142583333333333,0.11102666666666668,1.0,1.0
872bdbc9,Tilefish Poele,12,0.1497691666666667,17.02909397040392,0.9999999985113078,1.0,0.1328716666666667,0.16433333333333336,1.0,1.0
5ff2c089,edo-gin,12,0.009050216954166683,17.24850220107187,0.9999999987007722,1.0,0.008002543255833343,0.010081556303333348,1.0,1.0
9078bb5f,Computer says no,12,0.16300000000000003,17.61713767395286,0.9999999989626605,1.0,0.1446666666666667,0.18033333333333332,1.0,1.0
169b45f0,Overfitters,12,0.16333333333333336,19.519250858270407,0.999999999653138,1.0,0.15000000000000008,0.17533333333333334,1.0,1.0
7139c8db,Planned_Obsolescence_STU,12,0.15933333333333335,21.48647542083827,0.999999999876327,1.0,0.14833333333333334,0.17166666666666666,1.0,1.0
d9bc9425,chicken_STU,12,0.15188890000000002,28.8383303409445,0.9999999999948788,1.0,0.14224525250000003,0.1602154666666667,1.0,1.0
2c1cbbbf,Fortuneteller,12,0.0,,1.0,1.0,0.0,0.0,1.0,1.0
2c78c015,flsck,12,0.0,,1.0,1.0,0.0,0.0,1.0,1.0
dd8bb8b0,Jupayters,12,0.0,,1.0,1.0,0.0,0.0,1.0,1.0
1995b9c2,FunWithFlags,12,0.0,,1.0,1.0,0.0,0.0,1.0,1.0
2d729675,JackofAllTrades,12,0.0,,1.0,1.0,0.0,0.0,1.0,1.0
15db49cb,bingo,12,0.0,,1.0,1.0,0.0,0.0,1.0,1.0
2f030cc5,Sushant,12,0.0,,1.0,1.0,0.0,0.0,1.0,1.0
32cdcc24,M6 Dummy,12,0.0,,1.0,1.0,0.0,0.0,1.0,1.0
0509c220,Droid,12,0.044333333333333336,84.76638327852045,1.0,1.0,0.04349999999999999,0.0452,1.0,1.0
34cf2f3f,Team Sahand,12,0.0,,1.0,1.0,0.0,0.0,1.0,1.0
1cd83ccc,Hustlers,12,0.0008496599999999929,162808682973550.56,1.0,1.0,0.0008496599999999859,0.0008496600000000021,1.0,1.0
3653df28,fright131,12,0.0,,1.0,1.0,0.0,0.0,1.0,1.0
b974c16c,Airlab,12,0.0,,1.0,1.0,0.0,0.0,1.0,1.0
3d227c13,Spyros M,12,0.0,,1.0,1.0,0.0,0.0,1.0,1.0
bc9c8c4c,geo,12,0.0,,1.0,1.0,0.0,0.0,1.0,1.0
d5c78bbc,dummy,12,0.0,,1.0,1.0,0.0,0.0,1.0,1.0
5fbf807c,Guy in NYC,12,0.0,,1.0,1.0,0.0,0.0,1.0,1.0
6193fbd1,vhs,12,0.0,,1.0,1.0,0.0,0.0,1.0,1.0
d10b6093,srrsrr,12,0.0,,1.0,1.0,0.0,0.0,1.0,1.0
d04974fb,jp_th,12,0.0,,1.0,1.0,0.0,0.0,1.0,1.0
76fcf359,joechr_STU,12,0.0,,1.0,1.0,0.0,0.0,1.0,1.0
856618c2,aaron1339,12,0.0,,1.0,1.0,0.0,0.0,1.0,1.0
880fbc83,lsa,12,0.0,,1.0,1.0,0.0,0.0,1.0,1.0
b2b1cbc6,exdelphi,12,0.0,,1.0,1.0,0.0,0.0,1.0,1.0
b57b89cd,ott rush rush rush,12,0.0,,1.0,1.0,0.0,0.0,1.0,1.0
b6b963b5,ds,12,0.0,,1.0,1.0,0.0,0.0,1.0,1.0
3cd1929f,Thedenizens,12,0.012855,179.1037133815419,1.0,1.0,0.012738333333333332,0.012971666666666671,1.0,1.0
d64f73c2,Advanced Analytics Team,12,0.0,,1.0,1.0,0.0,0.0,1.0,1.0
