team,rps,ir,returns,risk,rps_rank,ir_rank,overall_rank,position,ir_code,team_name,rps_official,ir_official,rps_rank_official,ir_rank_official,overall_rank_official,position_official
0102b20c,0.1642046666666667,-2.7423380361532703,-0.0229049349999501,0.00835233829600354,93.0,90.0,91.5,103,-2.7423380361532703,Apollo,0.1642,-2.74234,93.0,90.0,91.5,103
0509c220,0.20433333333333334,-5.487553221686708,-0.08869603570095377,0.016163129926545165,141.0,108.0,124.5,142,-5.487553221686708,Droid,0.20433,-5.48755,141.0,108.0,124.5,142
05cd7224,0.2106612108445334,-10.956260499216148,-0.10919598274823637,0.009966537648137215,143.0,135.0,139.0,156,-10.956260499216148,ma7,0.21066,-10.95626,143.0,135.0,139.0,156
07c9170b,0.1595769678504,-10.43775937852515,-0.07533310197511689,0.0072173633481251425,27.0,134.0,80.5,81,-10.43775937852515,Dream Team,0.15958,-10.43776,27.0,134.0,80.5,81
08986844,0.15795166666666666,6.086793962641856,0.09428297898905917,0.015489760219867447,11.0,18.0,14.5,3,6.086793962641856,Peters_STU,0.15795,6.08679,11.0,18.0,14.5,3
0b1bfb9c,0.15979976092226664,-19.671771941378903,-0.2012287471509072,0.01022931476384338,34.0,154.0,94.0,113,-19.671771941378903,T,0.1598,-19.67177,34.0,154.0,94.0,113
0db5fc0c,0.16679161632449999,-17.419814527588805,-0.10610236850384325,0.006090901159470015,102.0,151.0,126.5,144,-17.419814527588805,USYD_PRAZ,0.16679,-17.41981,102.0,151.0,126.5,144
1240bcc8,0.16306389459333334,-2.9156417293436827,-0.005829335425072121,0.001999331867974162,86.0,91.0,88.5,98,-2.9156417293436827,cn ccc,0.16306,-2.91564,86.0,91.0,88.5,98
12b14bfc,0.23146000000000003,-11.131370602077597,-0.13822835421421864,0.012417909631759025,150.0,138.0,144.0,160,-11.131370602077597,Drazencap,0.23146,-11.13137,150.0,138.0,144.0,160
1374c1f1,0.15929287044666668,-1.218344591225114,-0.009695204031768424,0.00795768627496376,23.0,81.0,52.0,25,-1.218344591225114,Lo Kheng Hong,0.15929,-1.21835,23.0,81.0,52.0,25
14cbb019,0.16080880131836664,-7.52820537989983,-0.0842126024146935,0.011186278557109986,74.0,120.0,97.0,116,-7.52820537989983,NEOMABS_STU,0.16081,-7.5282,74.0,120.0,97.0,116
15db49cb,0.15999999999999998,0.4534698057911963,0.005310258988940426,0.011710281304562925,51.0,55.0,53.0,27,0.4534698057911963,bingo,0.16,0.45347,51.0,55.0,53.0,27
169b45f0,0.3233333333333333,-6.214346112531254,-0.02606051546428614,0.004193605407934233,163.0,114.0,138.5,155,-6.214346112531254,Overfitters,0.32333,-6.21435,163.0,114.0,138.5,155
190cb995,0.18569489150999996,-12.83294726290655,-0.11144693101418388,0.008684437700162582,133.0,143.0,138.0,153,-12.83294726290655,Placeholder,0.18569,-12.83295,133.0,143.0,138.0,153
1995b9c2,0.15999999999999998,-0.30004872494801393,-0.003928236785698369,0.013091996262870208,51.0,71.0,61.0,52,-0.30004872494801393,FunWithFlags,0.16,-0.30005,51.0,71.0,61.0,52
1bdff261,0.16018,0.40748451956671966,0.004786250797913005,0.011745846941626763,66.5,63.0,64.75,57,0.40748451956671966,Arnoud,0.16018,0.40748,66.5,63.0,64.75,57
1cd83ccc,0.16084966,-1.3379163074135847,-0.01468745201980475,0.010977855594120116,75.0,82.0,78.5,75,-1.3379163074135847,Hustlers,0.16085,-1.33792,75.0,82.0,78.5,75
1d3cd369,0.15967924296638333,6.153598678307095,0.086892716864224,0.014120634348570957,29.0,17.0,23.0,6,6.153598678307095,Big Short,0.15968,6.1536,29.0,17.0,23.0,6
203bb693,0.1602712433333333,-6.103663566481791,-0.03799592646250489,0.006225101703042603,69.0,113.0,91.0,101,-6.103663566481791,SKIZIODS,0.16027,-6.10366,69.0,113.0,91.0,101
20fbd380,0.2022166666666667,-11.242112459253395,-0.10962307506035726,0.00975110998557272,140.0,139.0,139.5,158,-11.242112459253395,smart,0.20222,-11.24211,140.0,139.0,139.5,158
22dcdc75,0.197202643902,-0.7672875385498696,-0.007375325194688972,0.009612205104526945,138.0,78.0,108.0,123,-0.7672875385498696,VTAI,0.1972,-0.76729,138.0,78.0,108.0,123
2b6cb11d,0.17154996675806666,-0.4679939422833491,-0.005561278542869098,0.011883227624134494,114.0,72.0,93.0,111,-0.4679939422833491,Team_QWERTY,0.17155,-0.46799,114.0,72.0,93.0,111
2b8b032c,0.16108372531860002,12.305735712208335,0.07726635062032924,0.006278889164154116,77.0,8.0,42.5,17,12.305735712208335,AEML_Inha,0.16108,12.30574,77.0,8.0,42.5,17
2bc96665,0.18915933266701668,-4.519711240655165,-0.03741683335047892,0.008278589351884143,134.0,103.0,118.5,133,-4.519711240655165,Command Line Heroes,0.18916,-4.51971,134.0,103.0,118.5,133
2c1cbbbf,0.15999999999999998,0.4534698057911963,0.005310258988940426,0.011710281304562925,51.0,55.0,53.0,27,0.4534698057911963,Fortuneteller,0.16,0.45347,51.0,55.0,53.0,27
2c78c015,0.15999999999999998,0.4534698057911963,0.005310258988940426,0.011710281304562925,51.0,55.0,53.0,27,0.4534698057911963,flsck,0.16,0.45347,51.0,55.0,53.0,27
2d729675,0.15999999999999998,0.4534698057911963,0.005310258988940426,0.011710281304562925,51.0,55.0,53.0,27,0.4534698057911963,JackofAllTrades,0.16,0.45347,51.0,55.0,53.0,27
2ddbfd56,0.16152735561759998,-22.663985666688145,-0.4630660218393491,0.020431799977705167,81.0,159.0,120.0,137,-22.663985666688145,impulsive response,0.16153,-22.66399,81.0,159.0,120.0,137
2f030cc5,0.15999999999999998,-7.030375649752187,-0.045220362736638195,0.006432140327840399,51.0,116.0,83.5,86,-7.030375649752187,Sushant,0.16,-7.03038,51.0,116.0,83.5,86
30c5c41c,0.1706304783333,-22.013078553841783,-0.15416149678613297,0.007003177515996656,112.0,157.0,134.5,149,-22.013078553841783,Axios,0.17063,-22.01308,112.0,157.0,134.5,149
31bb28c9,0.15975880809125,-2.003646285283016,-0.01021511864084679,0.0050982644570939815,31.0,84.0,57.5,47,-2.003646285283016,ouranos,0.15976,-2.00365,31.0,84.0,57.5,47
32cdcc24,0.15999999999999998,0.4534698057911963,0.005310258988940426,0.011710281304562925,51.0,55.0,53.0,27,0.4534698057911963,M6 Dummy,0.16,0.45347,51.0,55.0,53.0,27
34cf2f3f,0.15999999999999998,0.4534698057911963,0.005310258988940426,0.011710281304562925,51.0,55.0,53.0,27,0.4534698057911963,Team Sahand,0.16,0.45347,51.0,55.0,53.0,27
3653df28,0.15999999999999998,0.4534698057911963,0.005310258988940426,0.011710281304562925,51.0,55.0,53.0,27,0.4534698057911963,fright131,0.16,0.45347,51.0,55.0,53.0,27
380c6343,0.16320223310249996,-4.0373720491268275,-0.05208419992085311,0.012900520260974583,89.0,97.0,93.0,111,-4.0373720491268275,PREMIA,0.1632,-4.03737,89.0,97.0,93.0,111
3862cc83,0.163249038308,-9.20403144457318,-0.13285225824235536,0.01443413780606832,90.0,128.0,109.0,124,-9.20403144457318,Dull AI,0.16325,-9.20403,90.0,128.0,109.0,124
38c7fc7b,0.1564838831535,3.717547799256033,0.053549402006563336,0.014404495893039979,2.0,22.0,12.0,2,3.717547799256033,MP - Miguel Pérez Michaus,0.15648,3.71755,2.0,22.0,12.0,2
3900b673,0.1581563104688,-4.407311680877506,-0.0380630867299069,0.00863635011225901,12.0,101.0,56.5,45,-4.407311680877506,Stochoshi,0.15816,-4.40731,12.0,101.0,56.5,45
39b9b3b1,0.17026466501906667,0.360909011624011,0.004308759629643388,0.011938631319442315,109.0,64.0,86.5,92,0.360909011624011,gvg_1327,0.17026,0.36091,109.0,64.0,86.5,92
3b28f32c,0.16149918010333336,0.4534698057911963,0.005310258988940426,0.011710281304562925,80.0,55.0,67.5,59,0.4534698057911963,Shipwreck,0.1615,0.45347,80.0,55.0,67.5,59
3bdbc3c0,0.16309809713999998,-0.6247143531814872,-0.01075108507225861,0.01720960150428189,87.0,76.0,81.5,82,-0.6247143531814872,Fred Viole,0.1631,-0.62471,87.0,76.0,81.5,82
3cd1929f,0.17285499999999998,1.260550574800899,0.013824303698290068,0.01096687746977037,118.0,38.0,78.0,74,1.260550574800899,Thedenizens,0.17286,1.26055,118.0,38.0,78.0,74
3d227c13,0.15999999999999998,1.2584289044891703,0.018050254136885914,0.014343483428023286,51.0,39.0,45.0,19,1.2584289044891703,Spyros M,0.16,1.25843,51.0,39.0,45.0,19
41c16cc4,0.16681666666666664,-5.708332891746447,-0.03339031218453006,0.005849398207453595,103.0,110.0,106.5,122,-5.708332891746447,Felix_STU,0.16682,-5.70833,103.0,110.0,106.5,122
47dc617b,0.17490951293333332,-18.174015291159176,-0.17902181914460594,0.009850427452412887,120.0,152.0,136.0,150,-18.174015291159176,gmobaz,0.17491,-18.17402,120.0,152.0,136.0,150
47dd8149,0.15927445284651667,-7.05806932451641,-0.07363944431250927,0.010433369371524944,22.0,117.0,69.5,63,-7.05806932451641,MyBloodyValentine,0.15927,-7.05807,22.0,117.0,69.5,63
48cf320f,0.31633333333333336,6.606884339389327,0.0502595525428298,0.00760714884067053,160.0,16.0,88.0,94,6.606884339389327,ML6team,0.31633,6.60688,160.0,16.0,88.0,94
4b556c23,0.1576375358083333,-4.837893001144771,-0.01622508488195843,0.003353750254112515,9.0,104.0,56.5,45,-4.837893001144771,Up-and-Down,0.15764,-4.83789,9.0,104.0,56.5,45
4cb8b66c,0.16119149940059999,-5.293572140157527,-0.03612628502140868,0.006824557041048208,78.0,106.0,92.0,106,-5.293572140157527,Spoonman,0.16119,-5.29357,78.0,106.0,92.0,106
5004c81c,0.16445416666666668,2.2565307885931842,0.03576820198919486,0.015850970068746216,96.0,29.0,62.5,53,2.2565307885931842,Burakhan Sel_STU,0.16445,2.25653,96.0,29.0,62.5,53
515b11f9,0.16019119224083334,-4.420286928418449,-0.06909782120517685,0.015631976458573386,68.0,102.0,85.0,89,-4.420286928418449,Venu,0.16019,-4.42029,68.0,102.0,85.0,89
538b0bb5,0.18480000000000005,-2.362944156790207,-0.01421170968673749,0.0060144077657943865,130.0,88.0,109.0,124,-2.362944156790207,Olex,0.1848,-2.36294,130.0,88.0,109.0,124
59405297,0.22475313653333337,2.231325883936206,0.011234464976421075,0.005034883096772372,146.0,30.0,88.0,94,2.231325883936206,Hamid,0.22475,2.23133,146.0,30.0,88.0,94
5c0347cc,0.1597986934933333,-3.1205825337273665,-0.028847001712782927,0.009244107919275811,33.0,93.0,63.0,54,-3.1205825337273665,cantabrigian,0.1598,-3.12058,33.0,93.0,63.0,54
5c7bb709,0.15902054013068334,-8.797565045033743,-0.08601966021552938,0.009777666862956336,17.0,126.0,71.5,67,-8.797565045033743,rnrq,0.15902,-8.79757,17.0,126.0,71.5,67
5f3cc21b,0.16077595982306667,-21.487022265928758,-0.09922598369463316,0.004617949498380352,73.0,156.0,114.5,129,-21.487022265928758,garch_chen,0.16078,-21.48702,73.0,156.0,114.5,129
5fbf807c,0.15999999999999998,-8.452183456798846,-0.13873771296376272,0.016414422814280443,51.0,124.0,87.5,93,-8.452183456798846,Guy in NYC,0.16,-8.45218,51.0,124.0,87.5,93
5fc3bcc4,0.22945511400000007,0.6815125036870144,0.008001285389142057,0.011740482156753882,147.0,44.0,95.5,115,0.6815125036870144,FAB,0.22945,0.68151,147.0,44.0,95.5,115
5ff2c089,0.16905021695416667,2.066869364644228,0.026506504362261,0.01282447009747207,107.0,31.0,69.0,62,2.066869364644228,edo-gin,0.16905,2.06687,107.0,31.0,69.0,62
60b1d9cc,0.160945278775,-7.653872234834084,-0.021627102927584255,0.002825642010217469,76.0,121.0,98.5,117,-7.653872234834084,Pike Place Bets,0.16095,-7.65387,76.0,121.0,98.5,117
611c19d0,0.15882471216666663,-12.600801873842203,-0.08739186417830411,0.006935420860772317,15.0,142.0,78.5,75,-12.600801873842203,Chris Miles,0.15882,-12.6008,15.0,142.0,78.5,75
6133c0d7,0.19080729166666668,-2.003760068267428,-0.03265657779389575,0.016297648760977956,135.0,85.0,110.0,126,-2.003760068267428,Proexe,0.19081,-2.00376,135.0,85.0,110.0,126
6193fbd1,0.15999999999999998,0.4534698057911963,0.005310258988940426,0.011710281304562925,51.0,55.0,53.0,27,0.4534698057911963,vhs,0.16,0.45347,51.0,55.0,53.0,27
644389bc,0.15938813466666665,-1.1571290232314777,-0.026915350441613313,0.023260457478153702,25.0,80.0,52.5,26,-1.1571290232314777,lifters,0.15939,-1.15713,25.0,80.0,52.5,26
656bb49c,0.2497685495833333,-3.6855955185041176,-0.041898385275569515,0.01136814527400308,152.0,96.0,124.0,141,-3.6855955185041176,BayesianIsFun,0.24977,-3.6856,152.0,96.0,124.0,141
66752bbc,0.17054131214538334,-7.149803377473277,-0.1499028635708997,0.020966012022539705,111.0,118.0,114.5,129,-7.149803377473277,Inve$t,0.17054,-7.1498,111.0,118.0,114.5,129
66c4f4fd,0.19192333333333333,-11.074322905623543,-0.038256407345845296,0.0034545143456507564,137.0,136.0,136.5,152,-11.074322905623543,M6 Team RU,0.19192,-11.07432,137.0,136.0,136.5,152
6954b3b1,0.2236309,7.2555524468536765,0.06277433066228094,0.008651902266863583,145.0,12.0,78.5,75,7.2555524468536765,buffet,0.22363,7.25555,145.0,12.0,78.5,75
6f6dc500,0.16435797583,-13.034363236326007,-0.10092060613415166,0.007742657182737691,95.0,144.0,119.5,135,-13.034363236326007,Evergi,0.16436,-13.03436,95.0,144.0,119.5,135
7139c8db,0.3193333333333333,-8.370654806458662,-0.062170635658466464,0.007427212935659061,161.0,122.0,141.5,159,-8.370654806458662,Planned_Obsolescence_STU,0.31933,-8.37065,161.0,122.0,141.5,159
71b47b97,0.15832018950333335,1.3863453924626463,0.013508828285545473,0.009744201090861602,14.0,34.0,24.0,8,1.3863453924626463,microprediction.org,0.15832,1.38634,14.0,34.0,24.0,8
7589718c,0.23051929969305004,12.4706400915436,0.09573930458478044,0.007677176462634161,148.0,7.0,77.5,72,12.4706400915436,DeepFuture,0.23052,12.47064,148.0,7.0,77.5,72
76fcf359,0.15999999999999998,0.4534698057911963,0.005310258988940426,0.011710281304562925,51.0,55.0,53.0,27,0.4534698057911963,joechr_STU,0.16,0.45347,51.0,55.0,53.0,27
7830dcbb,0.17808976666666668,6.61544083352275,0.031188966646189385,0.004714571172361484,124.0,15.0,69.5,63,6.61544083352275,Lucas test,0.17809,6.61544,124.0,15.0,69.5,63
787d2872,0.16046040770073336,10.764974777343268,0.07179799482698233,0.006669592480429541,71.0,9.0,40.0,14,10.764974777343268,JaimeLluch,0.16046,10.76497,71.0,9.0,40.0,14
78cc44f1,0.23054666666666668,-4.326242332236995,-0.0715853788372194,0.016546779708524632,149.0,100.0,124.5,142,-4.326242332236995,RocketShip AI,0.23055,-4.32624,149.0,100.0,124.5,142
7cb34dbb,0.15649366760756667,-11.074677506918437,-0.006833194667286723,0.000617010713225552,3.0,137.0,70.0,66,-11.074677506918437,SebastianR,0.15649,-11.07468,3.0,137.0,70.0,66
84d63b80,0.1683111798826,-9.374455188111543,-0.13961206679261684,0.014892819261611007,105.0,129.0,117.0,132,-9.374455188111543,forengeeks,0.16831,-9.37445,105.0,129.0,117.0,132
856618c2,0.15999999999999998,-5.550092178772565,-0.13460880434137107,0.024253435799897034,51.0,109.0,80.0,79,-5.550092178772565,aaron1339,0.16,-5.55009,51.0,109.0,80.0,79
86458890,0.17897005412343334,-18.281043704164578,-0.17564880539163064,0.009608248206945447,125.5,153.0,139.25,157,-18.281043704164578,HMMBySJ,0.17897,-18.28104,125.5,153.0,139.25,157
872bdbc9,0.3097691666666667,17.942361486249983,0.05921620162471446,0.0033003571837572454,158.0,5.0,81.5,82,17.942361486249983,Tilefish Poele,0.30977,17.94236,158.0,5.0,81.5,82
87852799,0.26016,2.9501273738667404,0.01575871315185403,0.005341706019696037,153.0,27.0,90.0,99,2.9501273738667404,NAU,0.26016,2.95013,153.0,27.0,90.0,99
880fbc83,0.15999999999999998,0.4534698057911963,0.005310258988940426,0.011710281304562925,51.0,55.0,53.0,27,0.4534698057911963,lsa,0.16,0.45347,51.0,55.0,53.0,27
89c29b7d,0.16578513333333333,-0.5734006360317017,-0.0033071523090978418,0.005767611860331105,101.0,75.0,88.0,94,-0.5734006360317017,washi_wa_ou,0.16578,-0.5734,101.0,75.0,88.0,94
8c13bdf6,0.1789699641449,-5.981975382176336,-0.047176916440225425,0.00788651129872449,125.5,112.0,118.75,134,-5.981975382176336,Probabilistic Forecaster _STU,0.17897,-5.98198,125.5,112.0,118.75,134
8c90882c,0.1838560728333333,1.1487563572397679,0.013575402039878552,0.0118174771824528,128.0,40.0,84.0,87,1.1487563572397679,Brick Tamland,0.18386,1.14876,128.0,40.0,84.0,87
9078bb5f,0.323,-3.283162545628311,-0.03854485976095108,0.011740161879062436,162.0,94.0,128.0,146,-3.283162545628311,Computer says no,0.323,-3.28316,162.0,94.0,128.0,146
90d29bb6,0.3063333333333334,-7.229009866864723,-0.02247521479351416,0.003109030864175848,157.0,119.0,138.0,153,-7.229009866864723,InvesTUM,0.30633,-7.22901,157.0,119.0,138.0,153
916fdfd9,0.16290758333333336,4.092423879773175,0.027594260584430194,0.006742766975047468,85.0,21.0,53.0,27,4.092423879773175,TheRiskTakers,0.16291,4.09242,85.0,21.0,53.0,27
91716b78,0.15943670620135,-8.61190731977755,-0.09420959966980663,0.010939458144591378,26.0,125.0,75.5,70,-8.61190731977755,RaduR,0.15944,-8.61191,26.0,125.0,75.5,70
917cb964,0.16549576666666668,7.645336866585904,0.05098720887557415,0.006669059815848632,99.0,11.0,55.0,41,7.645336866585904,aggrwl,0.1655,7.64534,99.0,11.0,55.0,41
921f735d,0.15924957003453333,-17.045765402997056,-0.037654142251339284,0.002209002726549245,21.0,150.0,85.5,91,-17.045765402997056,PortfolioQuant,0.15925,-17.04576,21.0,150.0,85.5,91
939398bd,0.1990666666666667,-5.083091103118321,-0.0357511856789952,0.007033355285932795,139.0,105.0,122.0,139,-5.083091103118321,handsome boy,0.19907,-5.08309,139.0,105.0,122.0,139
96609938,0.20442034673270004,-9.405059854683742,-0.08946900330694979,0.009512858470793677,142.0,130.0,136.0,150,-9.405059854683742,JcBou,0.20442,-9.40506,142.0,130.0,136.0,150
98669526,0.28071583333333333,-14.421353156748816,-0.12216073130554221,0.008470823089744126,155.0,147.0,151.0,163,-14.421353156748816,Lion DS,0.28072,-14.42135,155.0,147.0,151.0,163
9b7bb959,0.16122145709128335,21.536853998815904,0.10872821062898183,0.00504847229010141,79.0,4.0,41.5,15,21.536853998815904,LAIR,0.16122,21.53685,79.0,4.0,41.5,15
9bf7ccb3,0.1717638561733333,0.6461447902054712,0.007297259518128998,0.011293536106370992,115.0,45.0,80.0,79,0.6461447902054712,auto.arima and a dream,0.17176,0.64614,115.0,45.0,80.0,79
9ddb66b4,0.2430303888333333,1.2873648804022846,0.008801950187633793,0.006837183708851293,151.0,37.0,94.0,113,1.2873648804022846,FUW Patrol_STU,0.24303,1.28737,151.0,37.0,94.0,113
b1002bc9,0.1569182503786,0.9174304307676826,0.007047379499317103,0.007681650033583509,5.0,42.0,23.5,7,0.9174304307676826,AdaGaussMC_STU,0.15692,0.91743,5.0,42.0,23.5,7
b17cd734,0.15969510478,6.786278831638387,0.01202747562290039,0.0017723226412134675,30.0,13.0,21.5,4,6.786278831638387,OPPO XZ Lab,0.1597,6.78628,30.0,13.0,21.5,4
b2b1cbc6,0.15999999999999998,0.4534698057911963,0.005310258988940426,0.011710281304562925,51.0,55.0,53.0,27,0.4534698057911963,exdelphi,0.16,0.45347,51.0,55.0,53.0,27
b3bbdb72,0.16286550000000002,6.616425235384127,0.03477281162367378,0.005255528534912099,84.0,14.0,49.0,23,6.616425235384127,ankit,0.16287,6.61642,84.0,14.0,49.0,23
b3d7dbc2,0.17643963358333334,0.6845679926439274,0.007748773571418045,0.01131921687061479,122.0,43.0,82.5,84,0.6845679926439274,ENJINE,0.17644,0.68457,122.0,43.0,82.5,84
b4264c50,0.16877884696114998,-25.61695089397833,-0.29191829795775126,0.011395513040014894,106.0,161.0,133.5,148,-25.61695089397833,HTW Berlin,0.16878,-25.61695,106.0,161.0,133.5,148
b42b1297,0.15938265756231665,-13.271793925140553,-0.07683496434276978,0.005789342780347312,24.0,146.0,85.0,89,-13.271793925140553,deffro,0.15938,-13.27179,24.0,146.0,85.0,89
b4977cb7,0.16218447900000002,-22.60984850910675,-0.2574045764846316,0.011384621899653804,82.0,158.0,120.0,137,-22.60984850910675,DLM_CX,0.16218,-22.60985,82.0,158.0,120.0,137
b4dd7019,0.16556861923906666,8.883551239154643,0.1310680919624134,0.014754019922204648,100.0,10.0,55.0,41,8.883551239154643,CUFE,0.16557,8.88355,100.0,10.0,55.0,41
b5188797,0.15726936078,-2.2227682557488695,-0.007906979874776012,0.0035572668695109124,7.0,86.0,46.5,20,-2.2227682557488695,Cognitive outside,0.15727,-2.22277,7.0,86.0,46.5,20
b57b89cd,0.15999999999999998,1.6086592096324044,0.012028942768167333,0.007477620304002159,51.0,33.0,42.0,16,1.6086592096324044,ott rush rush rush,0.16,1.60866,51.0,33.0,42.0,16
b681845b,0.15919703621333334,-9.475612756239416,-0.049191337463780335,0.005191362155591391,19.0,131.0,75.0,69,-9.475612756239416,Ludo,0.1592,-9.47561,19.0,131.0,75.0,69
b6b963b5,0.15999999999999998,-6.806813556007041,-0.05683523792618331,0.008349756822122148,51.0,115.0,83.0,85,-6.806813556007041,ds,0.16,-6.80681,51.0,115.0,83.0,85
b875c91c,0.16009530256,-2.470667076184545,-0.025076143456617433,0.01014954369948644,64.0,89.0,76.5,71,-2.470667076184545,Alcácer,0.16009,-2.47067,64.0,89.0,76.5,71
b974c16c,0.15999999999999998,-16.687130905170523,-0.08814058836798547,0.005281949837205089,51.0,149.0,100.0,119,-16.687130905170523,Airlab,0.16,-16.68713,51.0,149.0,100.0,119
bbb3c357,0.16389433783666665,32.88981456696913,0.30887701707460485,0.009391266601569914,92.0,1.0,46.5,20,32.88981456696913,Galloping Gargoyles,0.16389,32.88981,92.0,1.0,46.5,20
bbf60ff1,0.1579421175633167,-13.211968721934964,-0.11641444614156116,0.00881128684086921,10.0,145.0,77.5,72,-13.211968721934964,Handel,0.15794,-13.21197,10.0,145.0,77.5,72
bc4b0314,0.1589490420757,0.6009660438942144,0.0047596801252819745,0.007920048351550128,16.0,46.0,31.0,10,0.6009660438942144,MarcoGorelli (Слава Україні!),0.15895,0.60097,16.0,46.0,31.0,10
bc8c2b83,0.16014288226236667,-27.327256722939502,-0.07124404236967231,0.002607068945558207,65.0,162.0,113.5,128,-27.327256722939502,Simply MinVar,0.16014,-27.32726,65.0,162.0,113.5,128
bc9c8c4c,0.15999999999999998,3.0571992159437387,0.05073201326748963,0.0165942778615521,51.0,26.0,38.5,13,3.0571992159437387,geo,0.16,3.0572,51.0,26.0,38.5,13
bccf94bb,0.1596118171733333,-5.8749986281558115,-0.046542981753757456,0.007922211510093154,28.0,111.0,69.5,63,-5.8749986281558115,namaste_STU,0.15961,-5.875,28.0,111.0,69.5,63
bfd7c457,0.1598100118778,-3.657916232198965,-0.006707546016103795,0.0018337068402661419,35.0,95.0,65.0,58,-3.657916232198965,Minore,0.15981,-3.65792,35.0,95.0,65.0,58
c261b5c3,0.15993464216666664,-4.277355007042328,-0.04941664958200374,0.011553085844088958,38.0,98.0,68.0,60,-4.277355007042328,Alfa,0.15993,-4.27736,38.0,98.0,68.0,60
c29fbf4f,0.16045344999999997,-24.077716696682817,-0.12979811738540878,0.00539079843078688,70.0,160.0,115.0,131,-24.077716696682817,idatafactory,0.16045,-24.07772,70.0,160.0,115.0,131
c34d255b,0.1856146520866667,-5.4801240831742675,-0.05667420532748439,0.010341774103526656,132.0,107.0,119.5,135,-5.4801240831742675,MM_STU,0.18562,-5.48012,132.0,107.0,119.5,135
c3b8d4fc,0.17606856523719996,-2.2970161365345847,-0.02678683041777556,0.011661576943986021,121.0,87.0,104.0,120,-2.2970161365345847,us3,0.17607,-2.29702,121.0,87.0,104.0,120
c47b9db1,0.17737499999999998,-10.028534208693848,-0.1192358792893238,0.011889661720050461,123.0,132.0,127.5,145,-10.028534208693848,Numerical Stochastics,0.17738,-10.02853,123.0,132.0,127.5,145
c53b3306,0.15694825195221662,-8.373467089153166,-0.01148310906898017,0.0013713685080168495,6.0,123.0,64.5,56,-8.373467089153166,TKIM,0.15695,-8.37347,6.0,123.0,64.5,56
c674f84b,0.1582094459693833,-4.311691155248063,-0.03764130270585404,0.008730055412257012,13.0,99.0,56.0,43,-4.311691155248063,MORPHEMIC,0.15821,-4.31169,13.0,99.0,56.0,43
c8f498d2,0.16355708333333333,-3.0478786388825485,-0.016257836573554087,0.005334148271571187,91.0,92.0,91.5,103,-3.0478786388825485,OCI Forecasting Team,0.16356,-3.04788,91.0,92.0,91.5,103
c9b02591,0.15992273640806665,-15.223051600614792,-0.06746256277292001,0.0044316057347000976,37.0,148.0,92.5,109,-15.223051600614792,ol,0.15992,-15.22305,37.0,148.0,92.5,109
ccb2bfb9,0.17089489164248337,24.720145831440938,0.08134625455932701,0.003290686677740579,113.0,3.0,58.0,48,24.720145831440938,Quantmetry,0.17089,24.72015,113.0,3.0,58.0,48
ccbb0fd2,0.16316803685000003,0.4534698057911963,0.005310258988940426,0.011710281304562925,88.0,55.0,71.5,67,0.4534698057911963,market_bulls,0.16317,0.45347,88.0,55.0,71.5,67
cd4803dc,0.16424666666666668,3.6911374908711614,0.020579438649061164,0.005575364965395565,94.0,24.0,59.0,50,3.6911374908711614,deathReaper0965,0.16425,3.69114,94.0,24.0,59.0,50
cd597d34,0.15689441477073332,13.791213357578274,0.039705295081384304,0.002879028411199674,4.0,6.0,5.0,1,13.791213357578274,StanekF_STU (CERGE-EI),0.15689,13.79121,4.0,6.0,5.0,1
cf2d56c6,0.16520316323689996,4.53342933106955,0.05926692912557663,0.013073310467066234,98.0,19.0,58.5,49,4.53342933106955,Delta,0.1652,4.53343,98.0,19.0,58.5,49
cfd8f183,0.15644475502648336,0.13808149762488248,0.0011099345019250622,0.008038256544264556,1.0,66.0,33.5,12,0.13808149762488248,Dan,0.15645,0.13808,1.0,66.0,33.5,12
d04974fb,0.15999999999999998,0.4534698057911963,0.005310258988940426,0.011710281304562925,51.0,55.0,53.0,27,0.4534698057911963,jp_th,0.16,0.45347,51.0,55.0,53.0,27
d10b6093,0.15999999999999998,0.04025529627877633,0.00031210288147596067,0.007753088669738835,51.0,68.0,59.5,51,0.04025529627877633,srrsrr,0.16,0.04025,51.0,68.0,59.5,51
d18b809d,0.1718403998476333,-0.21978904433338906,-0.0024979004488427867,0.011364990718344556,116.0,69.0,92.5,109,-0.21978904433338906,VC,0.17184,-0.21979,116.0,69.0,92.5,109
d252b0cc,0.16046457642193335,3.7160686338532454,0.024105133306634403,0.006486729843210522,72.0,23.0,47.5,22,3.7160686338532454,Angel Lordan BCN,0.16046,3.71607,72.0,23.0,47.5,22
d50c10cd,0.17281308503083334,4.4874584129558945,0.04568680059490928,0.01018099698996772,117.0,20.0,68.5,61,4.4874584129558945,Wallace,0.17281,4.48746,117.0,20.0,68.5,61
d562f28c,0.16461666666666666,-1.608210175103511,-0.009029070525976849,0.0056143597806771126,97.0,83.0,90.0,99,-1.608210175103511,Super3,0.16462,-1.60821,97.0,83.0,90.0,99
d5c78bbc,0.15999999999999998,1.3723715666299865,0.014067468635610753,0.010250480975902913,51.0,35.0,43.0,18,1.3723715666299865,dummy,0.16,1.37237,51.0,35.0,43.0,18
d64f73c2,0.15999999999999998,-0.7030173282799244,-0.0111759194422408,0.01589707535315662,51.0,77.0,64.0,55,-0.7030173282799244,Advanced Analytics Team,0.16,-0.70302,51.0,77.0,64.0,55
d707cb75,0.15903696375,0.5538061756667229,0.009305006794639761,0.016801919522543313,18.0,47.0,32.5,11,0.5538061756667229,M4-SL,0.15904,0.55381,18.0,47.0,32.5,11
d874631c,0.16017954033666668,1.7470868533830146,0.02614987922269844,0.014967704194020165,66.5,32.0,49.25,24,1.7470868533830146,wp,0.16018,1.74709,66.5,32.0,49.25,24
d9bc9425,0.31188889999999997,3.610024093200515,0.04852023585968254,0.013440418846807828,159.0,25.0,92.0,106,3.610024093200515,chicken_STU,0.31189,3.61002,159.0,25.0,92.0,106
db21f28b,0.15728556500595,1.301078077644046,0.012202417240204315,0.009378697135763054,8.0,36.0,22.0,5,1.301078077644046,21,0.15729,1.30108,8.0,36.0,22.0,5
db442696,0.18473833333333334,-10.196292247318649,-0.022812061669597684,0.002237289900708431,129.0,133.0,131.0,147,-10.196292247318649,berserk_HKU,0.18474,-10.19629,129.0,133.0,131.0,147
dcc0145b,0.17336994254826665,0.29771658684795516,0.0034812970401988646,0.011693325780255483,119.0,65.0,92.0,106,0.29771658684795516,Stonks,0.17337,0.29772,119.0,65.0,92.0,106
dcc4c022,0.16701708333333334,-1.0187545823694963,-0.005477956496725729,0.0053771110250956464,104.0,79.0,91.5,103,-1.0187545823694963,Porto ( Serafettin Gunes ),0.16702,-1.01876,104.0,79.0,91.5,103
dd543bd7,0.15922014246225,2.685877478856518,0.030518707018163664,0.011362657924052685,20.0,28.0,24.0,8,2.685877478856518,Innovation Team (Mathco),0.15922,2.68588,20.0,28.0,24.0,8
dd807d74,0.1598423008333333,-11.269736983398326,-0.09644585276266754,0.008557950634051518,36.0,140.0,88.0,94,-11.269736983398326,noname,0.15984,-11.26974,36.0,140.0,88.0,94
dd8bb8b0,0.15999999999999998,0.4534698057911963,0.005310258988940426,0.011710281304562925,51.0,55.0,53.0,27,0.4534698057911963,Jupayters,0.16,0.45347,51.0,55.0,53.0,27
dfb3c499,0.15979126666666668,-9.05804502556532,-0.08685718396684629,0.009588954760293374,32.0,127.0,79.5,78,-9.05804502556532,Navi,0.15979,-9.05804,32.0,127.0,79.5,78
dfcb064c,0.16272950830999997,-29.183800848189765,-0.3174195248169863,0.010876565614882048,83.0,163.0,123.0,140,-29.183800848189765,hm2200,0.16273,-29.1838,83.0,163.0,123.0,140
f067b9f5,0.16928333333333337,-0.5267436319786918,-0.00562714110966861,0.01068288398386607,108.0,74.0,91.0,101,-0.5267436319786918,Europans,0.16928,-0.52674,108.0,74.0,91.0,101
f250dfc3,0.1790592361889333,1.1204530414160507,0.008920661308169986,0.00796165566822495,127.0,41.0,84.0,87,1.1204530414160507,AM naïve,0.17906,1.12045,127.0,41.0,84.0,87
f4767b9c,0.2984112345,-12.121150793480744,-0.08685739974425832,0.007165771734394545,156.0,141.0,148.5,161,-12.121150793480744,M37,0.29841,-12.12115,156.0,141.0,148.5,161
f5d74bfb,0.19166166666666665,-0.4833200587430101,-0.005495675329590069,0.011370675042709572,136.0,73.0,104.5,121,-0.4833200587430101,Bruce,0.19166,-0.48332,136.0,73.0,104.5,121
f743b142,0.2228162390546833,-21.141910438260567,-0.09778562834447599,0.0046252030359334555,144.0,155.0,149.5,162,-21.141910438260567,SimpleBest,0.22282,-21.14191,144.0,155.0,149.5,162
f8fbd1bf,0.1702767048101167,28.6553920208711,0.18631119068920676,0.006501784744508376,110.0,2.0,56.0,43,28.6553920208711,Selamlar H.T.(Ataforecasting),0.17028,28.65539,110.0,2.0,56.0,43
fb07c974,0.18550136514366666,0.06821407910182097,0.0008476511822750055,0.012426337692102296,131.0,67.0,99.0,118,0.06821407910182097,FabulousFab,0.1855,0.06821,131.0,67.0,99.0,118
ffbf60c3,0.26707685929666664,-0.24615848702657894,-0.0030001034221043,0.012187690371124047,154.0,70.0,112.0,127,-0.24615848702657894,Dodger Federer,0.26708,-0.24616,154.0,70.0,112.0,127
