period,n_teams,better_returns_pct,better_risk_pct,better_ir_pct,bench_returns,bench_risk,bench_ir,mean_returns,sd_returns,mean_risk,sd_risk,mean_ir,sd_ir
1st Submission,148,20.27027027027027,64.86486486486487,27.027027027027028,0.04404783020812661,0.011038570272837988,3.9903564609732767,0.014522949952548946,0.03220278869642777,0.009781834403180253,0.005746084180564717,1.28542928788043,3.467424618491781
2nd Submission,148,78.37837837837837,64.1891891891892,69.5945945945946,-0.0625144726295192,0.010467548190509646,-5.972217322696222,-0.027747013279633834,0.04294124991705264,0.008453638604245639,0.004728279267016915,-2.9567218789968805,4.433324570001144
3rd Submission,148,29.054054054054053,72.97297297297297,39.189189189189186,0.017810997445674638,0.014664905422654707,1.2145320363375662,0.006015942676885649,0.03600865451604131,0.010901146401425432,0.0067968202052001575,0.648616003036523,3.3190552861088594
4th Submission,148,78.37837837837837,77.02702702702703,64.1891891891892,-0.06348132628488458,0.015337777512352444,-4.138886891126123,-0.02862026143743207,0.048710110748848345,0.01075190207601951,0.006890153029877002,-2.1861458592089966,3.6087312847103328
5th Submission,148,27.7027027027027,72.2972972972973,33.108108108108105,0.0051771401370592236,0.008967485278618521,0.5773235167057652,-0.0027586541434461618,0.016049898954755178,0.0073605506767291835,0.005224588299547782,-0.36139056593763697,2.34211349138075
6th Submission,148,22.2972972972973,75.67567567567568,25.0,0.05115238333481326,0.008440904125115311,6.0600597491224875,0.019491627936649394,0.036343666152717224,0.00704103229185141,0.005130591150884396,2.6579510572969185,4.5261307980436385
7th Submission,148,87.83783783783784,77.02702702702703,72.2972972972973,-0.06368220384153285,0.012077041300463028,-5.27299710725435,-0.022260964729406935,0.03712041364935007,0.008230607913076744,0.004903801082700656,-1.8913890090989494,4.8579425952969615
8th Submission,148,89.1891891891892,78.37837837837837,75.67567567567568,-0.07309001273604356,0.015118566542517455,-4.834453883606947,-0.019003255230181516,0.04840312390076784,0.009921350561328507,0.0058364896753386125,-1.0196430254005473,4.6793260400971155
9th Submission,148,10.81081081081081,77.7027027027027,17.56756756756757,0.1097793302513922,0.014004471222142108,7.838877206432681,0.027544804081980956,0.06740951890414029,0.010042201789200017,0.005980155821592904,2.2233258737971036,5.968377311333435
10th Submission,148,44.5945945945946,77.7027027027027,44.21768707482993,-0.00014163688740659406,0.00818854516730915,-0.017296953794923936,-0.004375139112392091,0.027525491090696696,0.005722842765859199,0.003266332906083301,-0.5291863849532615,4.0065768033385405
11th Submission,148,29.054054054054053,75.67567567567568,39.455782312925166,0.006051048095388376,0.010615684414844095,0.5700101716406613,0.0012997431679480941,0.02045208410249157,0.0076523429018382,0.004937611065480477,-0.015166260918981449,2.244945600684857
12th Submission,148,16.216216216216218,64.86486486486487,23.12925170068027,0.0342011818958729,0.0066775530612300064,5.1218135718674525,0.004920541998525378,0.048626301229471744,0.006367342550622876,0.004595104870677871,0.021172307308561563,5.754000656270567
Global,148,31.08108108108108,75.0,31.756756756756754,0.005310258988940426,0.011710281304562925,0.4534698057911963,-0.03096967811795418,0.08684916290586371,0.009235871379298152,0.004420507327694347,-3.4214858218730217,9.83227615152131
