k,label,origin,end_date,n_assets,rps,ir,ir_net,turnover,model
1,1st Submission,2022-03-04,2022-04-01,100,0.16,3.9903564609732767,3.85327635938728,0.9999999999999999,uniform
2,2nd Submission,2022-04-01,2022-04-29,100,0.16,-5.972217322696222,-5.972217322696222,0.0,uniform
3,3rd Submission,2022-04-29,2022-05-27,100,0.16,1.2145320363375662,1.2145320363375662,0.0,uniform
4,4th Submission,2022-05-27,2022-06-24,100,0.16,-4.138886891126123,-4.138886891126123,0.0,uniform
5,5th Submission,2022-06-24,2022-07-22,100,0.16,0.5773235167057652,0.5773235167057652,0.0,uniform
6,6th Submission,2022-07-22,2022-08-19,100,0.16,6.0600597491224875,6.0600597491224875,0.0,uniform
7,7th Submission,2022-08-19,2022-09-16,100,0.16,-5.27299710725435,-5.27299710725435,0.0,uniform
8,8th Submission,2022-09-16,2022-10-14,100,0.16,-4.834453883606947,-4.834453883606947,0.0,uniform
9,9th Submission,2022-10-14,2022-11-11,100,0.15999999999999998,7.838877206432681,7.838877206432681,0.0,uniform
10,10th Submission,2022-11-11,2022-12-09,100,0.16,-0.017296953794923936,-0.017296953794923936,0.0,uniform
11,11th Submission,2022-12-09,2023-01-06,100,0.16,0.5700101716406613,0.5700101716406613,0.0,uniform
12,12th Submission,2023-01-06,2023-02-03,100,0.16,5.1218135718674525,5.1218135718674525,0.0,uniform
1,1st Submission,2022-03-04,2022-04-01,100,0.17311111111111108,3.9903564609732767,3.85327635938728,0.9999999999999999,historical_frequency
2,2nd Submission,2022-04-01,2022-04-29,100,0.16375510204081636,-5.972217322696222,-5.972217322696222,0.0,historical_frequency
3,3rd Submission,2022-04-29,2022-05-27,100,0.16537500000000002,1.2145320363375662,1.2145320363375662,0.0,historical_frequency
4,4th Submission,2022-05-27,2022-06-24,100,0.16666666666666669,-4.138886891126123,-4.138886891126123,0.0,historical_frequency
5,5th Submission,2022-06-24,2022-07-22,100,0.16620000000000001,0.5773235167057652,0.5773235167057652,0.0,historical_frequency
6,6th Submission,2022-07-22,2022-08-19,100,0.15917355371900826,6.0600597491224875,6.0600597491224875,0.0,historical_frequency
7,7th Submission,2022-08-19,2022-09-16,100,0.15775,-5.27299710725435,-5.27299710725435,0.0,historical_frequency
8,8th Submission,2022-09-16,2022-10-14,100,0.1479526627218935,-4.834453883606947,-4.834453883606947,0.0,historical_frequency
9,9th Submission,2022-10-14,2022-11-11,100,0.17699999999999996,7.838877206432681,7.838877206432681,0.0,historical_frequency
10,10th Submission,2022-11-11,2022-12-09,100,0.16005333333333333,-0.017296953794923936,-0.017296953794923936,0.0,historical_frequency
11,11th Submission,2022-12-09,2023-01-06,100,0.162421875,0.5700101716406613,0.5700101716406613,0.0,historical_frequency
12,12th Submission,2023-01-06,2023-02-03,100,0.18975778546712804,5.1218135718674525,5.1218135718674525,0.0,historical_frequency
